Date,Days_After_Sowing,NDVI_Interpolated,NDVI_Lower_CI,NDVI_Upper_CI,FVC_Interpolated,FVC_Lower_CI,FVC_Upper_CI,Ground_Cover_Percentage,Ground_Cover_Lower_CI,Ground_Cover_Upper_CI,Growth_Stage,Sowing_Date,Harvest_Date,temperature_2m,temperature_min,temperature_max,precipitation,humidity,pressure,wind_speed,cloud_cover,gdd_daily,gdd_cumulative
2023-10-03,0,0.05000026276658331,0.040000262766583305,0.1133452627665833,0.0,0.0,0.0,0.0,0.0,0.0,Sowing,2023-10-03,2024-07-30,8.0,4.5,11.5,1.7,84.7,1020.4,1.6,38.2,8.0,8.0
2023-10-04,1,0.05000029598981452,0.04000029598981452,0.11334529598981452,0.0,0.0,0.0,0.0,0.0,0.0,Sowing,2023-10-03,2024-07-30,6.0,1.2,10.8,4.4,82.0,1022.0,3.5,63.3,6.0,14.0
2023-10-05,2,0.050000357361801445,0.04000035736180144,0.11334535736180144,0.0,0.0,0.0,0.0,0.0,0.0,Sowing,2023-10-03,2024-07-30,6.4,2.7,10.1,10.1,78.2,1009.6,1.8,57.2,6.4,20.4
2023-10-06,3,0.05000044230686984,0.04000044230686984,0.11334544230686984,0.0,0.0,0.0,0.0,0.0,0.0,Sowing,2023-10-03,2024-07-30,7.2,2.4,12.1,6.3,84.0,1013.8,0.2,59.0,7.25,27.65
2023-10-07,4,0.05000055053809264,0.040000550538092636,0.11334555053809264,0.0,0.0,0.0,0.0,0.0,0.0,Sowing,2023-10-03,2024-07-30,1.6,-4.1,7.4,0.9,75.9,1009.1,0.5,53.5,1.6500000000000004,29.299999999999997
2023-10-08,5,0.05000094003828029,0.04000094003828029,0.11334594003828029,0.0,0.0,0.0,0.0,0.0,0.0,Sowing,2023-10-03,2024-07-30,2.1,-2.5,6.6,0.8,67.7,1006.5,0.1,68.5,2.05,31.349999999999998
2023-10-09,6,0.05000429502025709,0.04000429502025709,0.11334929502025709,0.0,0.0,0.0,0.0,0.0,0.0,Sowing,2023-10-03,2024-07-30,2.7,-1.0,6.5,8.4,82.7,1005.8,1.5,31.6,2.75,34.099999999999994
2023-10-10,7,0.05002937263827452,0.04002937263827452,0.11337437263827452,0.0,0.0,0.0,0.0,0.0,0.0,Sowing,2023-10-03,2024-07-30,2.0,-1.6,5.7,6.6,68.6,1009.5,1.8,31.2,2.05,36.14999999999999
2023-10-11,8,0.050157268255392656,0.040157268255392654,0.11350226825539265,0.0,0.0,0.0,0.0,0.0,0.0,Sowing,2023-10-03,2024-07-30,5.4,1.7,9.0,4.1,74.3,1020.1,3.5,67.7,5.35,41.49999999999999
2023-10-12,9,0.05059749534178681,0.04059749534178681,0.11394249534178681,0.0,0.0,0.0,0.0,0.0,0.0,Sowing,2023-10-03,2024-07-30,2.4,-3.4,8.3,4.2,78.8,1009.8,0.6,54.9,2.45,43.949999999999996
2023-10-13,10,0.05164612303067961,0.041646123030679605,0.1149911230306796,0.0,0.0,0.0,0.0,0.0,0.0,Sowing,2023-10-03,2024-07-30,2.9,-1.4,7.3,3.5,79.4,1008.2,0.5,68.7,2.95,46.9
2023-10-14,11,0.0534546189166239,0.043454618916623895,0.1167996189166239,0.0,0.0,0.0,0.0,0.0,0.0,Emergence,2023-10-03,2024-07-30,5.7,-0.3,11.7,4.4,80.7,1024.7,2.3,37.0,5.699999999999999,52.599999999999994
2023-10-15,12,0.05587160855503121,0.04587160855503121,0.11921660855503122,0.0,0.0,0.0,0.0,0.0,0.0,Emergence,2023-10-03,2024-07-30,2.4,-1.4,6.2,3.1,73.5,1024.5,3.3,48.1,2.4000000000000004,54.99999999999999
2023-10-16,13,0.05860102292909857,0.04860102292909857,0.12194602292909856,0.0,0.0,0.0,0.0,0.0,0.0,Emergence,2023-10-03,2024-07-30,6.5,2.2,10.9,0.2,69.6,1010.7,1.2,65.9,6.550000000000001,61.55
2023-10-17,14,0.06143328856748898,0.05143328856748898,0.12477828856748899,0.0,0.0,0.0,0.0,0.0,0.0,Emergence,2023-10-03,2024-07-30,3.3,-1.0,7.6,1.6,80.0,1021.7,1.0,33.1,3.3,64.85
2023-10-18,15,0.06428726403663076,0.05428726403663076,0.12763226403663075,0.0,0.0,0.0,0.0,0.0,0.0,Emergence,2023-10-03,2024-07-30,2.3,-2.1,6.6,0.1,74.9,1013.6,0.7,68.4,2.25,67.1
2023-10-19,16,0.06714417809555781,0.05714417809555781,0.13048917809555782,0.0,0.0,0.0,0.0,0.0,0.0,Emergence,2023-10-03,2024-07-30,2.3,-3.1,7.7,0.1,79.2,1007.3,3.2,32.2,2.3,69.39999999999999
2023-10-20,17,0.07000134763754785,0.06000134763754785,0.13334634763754785,0.0,0.0,0.0,0.0,0.0,0.0,Emergence,2023-10-03,2024-07-30,1.5,-2.4,5.4,13.6,75.3,1021.6,6.3,46.4,1.5000000000000002,70.89999999999999
2023-10-21,18,0.07285851771860072,0.06285851771860072,0.13620351771860073,0.0,0.0,0.0,0.0,0.0,0.0,Emergence,2023-10-03,2024-07-30,-3.2,-8.5,2.1,6.3,73.8,1014.1,0.0,46.3,0.0,70.89999999999999
2023-10-22,19,0.07571568834960592,0.06571568834960592,0.13906068834960592,0.0,0.0,0.0,0.0,0.0,0.0,Emergence,2023-10-03,2024-07-30,0.6,-5.3,6.4,16.1,78.8,1005.6,0.5,63.0,0.5500000000000003,71.44999999999999
2023-10-23,20,0.07857285954167298,0.06857285954167298,0.14191785954167296,0.0,0.0,0.0,0.0,0.0,0.0,Emergence,2023-10-03,2024-07-30,1.4,-4.3,7.1,1.8,72.4,1014.8,0.3,33.6,1.4,72.85
2023-10-24,21,0.08143003130613574,0.07143003130613575,0.14477503130613573,0.0,0.0,0.0,0.0,0.0,0.0,Emergence,2023-10-03,2024-07-30,-3.0,-6.8,0.8,1.0,74.8,1019.4,11.3,50.9,0.0,72.85
2023-10-25,22,0.0842872036545571,0.0742872036545571,0.1476322036545571,0.0,0.0,0.0,0.0,0.0,0.0,Emergence,2023-10-03,2024-07-30,-2.0,-6.4,2.5,1.9,84.0,1013.6,6.1,63.7,0.0,72.85
2023-10-26,23,0.08714437659873345,0.07714437659873345,0.15048937659873346,0.0,0.0,0.0006991094267620933,0.0,0.0,0.06991094267620933,Emergence,2023-10-03,2024-07-30,4.7,1.3,8.1,10.9,81.8,1015.5,1.2,64.1,4.7,77.55
2023-10-27,24,0.09000155015069948,0.08000155015069949,0.15334655015069948,0.0,0.0,0.004780785929570692,0.0,0.0,0.4780785929570692,Emergence,2023-10-03,2024-07-30,-6.5,-11.1,-1.9,0.5,73.7,1007.1,1.8,48.3,0.0,77.55
2023-10-28,25,0.09285872432273307,0.08285872432273307,0.15620372432273305,0.0,0.0,0.008862463318190081,0.0,0.0,0.8862463318190081,Emergence,2023-10-03,2024-07-30,-1.5,-6.0,2.9,7.7,73.7,1006.2,1.0,66.6,0.0,77.55
2023-10-29,26,0.09571589912735996,0.08571589912735997,0.15906089912735996,0.0,0.0,0.01294414161051424,0.0,0.0,1.294414161051424,Emergence,2023-10-03,2024-07-30,1.3,-4.4,7.0,2.1,70.5,1010.2,4.3,69.8,1.2999999999999998,78.85
2023-10-30,27,0.09857307457735906,0.08857307457735906,0.16191807457735907,0.0,0.0,0.017025820824798685,0.0,0.0,1.7025820824798685,Emergence,2023-10-03,2024-07-30,-3.5,-9.0,2.0,8.1,83.5,1015.2,3.5,63.9,0.0,78.85
2023-10-31,28,0.10143025068576735,0.03808525068576735,0.16477525068576734,0.0,0.0,0.021107500979667643,0.0,0.0,2.1107500979667644,Emergence,2023-10-03,2024-07-30,-0.5,-3.7,2.7,1.0,67.2,1010.6,1.2,61.5,0.0,78.85
2023-11-01,29,0.10428742746588512,0.040942427465885126,0.16763242746588514,0.0,0.0,0.02518918209412163,0.0,0.0,2.5189182094121634,Emergence,2023-10-03,2024-07-30,-1.2,-5.6,3.3,4.1,80.9,1013.0,0.3,31.7,0.0,78.85
2023-11-02,30,0.1071446049312814,0.043799604931281405,0.1704896049312814,0.0,0.0,0.02927086418754487,0.0,0.0,2.9270864187544867,Emergence,2023-10-03,2024-07-30,0.1,-4.8,5.0,3.1,77.9,1022.4,1.4,49.3,0.10000000000000009,78.94999999999999
2023-11-03,31,0.1100017830957993,0.046656783095799306,0.17334678309579932,0.0,0.0,0.03335254727971332,0.0,0.0,3.335254727971332,Emergence,2023-10-03,2024-07-30,-3.2,-8.5,2.1,2.3,83.7,1021.4,3.9,40.2,0.0,78.94999999999999
2023-11-04,32,0.1128589619735615,0.049513961973561504,0.1762039619735615,0.0,0.0,0.03743423139080215,0.0,0.0,3.7434231390802153,Emergence,2023-10-03,2024-07-30,-7.5,-13.4,-1.7,11.6,66.4,1019.1,0.3,57.3,0.0,78.94999999999999
2023-11-05,33,0.11571614157897603,0.05237114157897603,0.179061141578976,0.0,0.0,0.04151591654139432,0.0,0.0,4.151591654139432,Emergence,2023-10-03,2024-07-30,-6.5,-9.8,-3.3,8.9,69.2,1008.9,0.2,68.4,0.0,78.94999999999999
2023-11-06,34,0.11857332192674193,0.05522832192674193,0.18191832192674193,0.0,0.0,0.045597602752488475,0.0,0.0,4.5597602752488475,Emergence,2023-10-03,2024-07-30,-4.6,-9.3,0.2,0.8,79.4,1005.6,2.1,55.5,0.0,78.94999999999999
2023-11-07,35,0.12143050303185517,0.05808550303185517,0.18477550303185517,0.0,0.0,0.04967929004550739,0.0,0.0,4.967929004550739,Emergence,2023-10-03,2024-07-30,-5.9,-9.1,-2.8,1.2,67.6,1013.8,4.3,74.7,0.0,78.94999999999999
2023-11-08,36,0.12428768490961459,0.06094268490961459,0.1876326849096146,0.0,0.0,0.05376097844230658,0.0,0.0,5.376097844230658,Emergence,2023-10-03,2024-07-30,2.0,-3.8,7.8,1.7,84.8,1005.3,3.3,51.9,2.0,80.94999999999999
2023-11-09,37,0.12714486757562815,0.06379986757562815,0.19048986757562814,0.0,0.0,0.057842667965183066,0.0,0.0,5.784266796518307,Emergence,2023-10-03,2024-07-30,0.0,-4.3,4.3,1.4,68.4,1007.6,0.2,30.4,0.0,80.94999999999999
2023-11-10,38,0.13000205104581905,0.06665705104581905,0.19334705104581906,0.0,0.0,0.061924358636884384,0.0,0.0,6.192435863688439,Emergence,2023-10-03,2024-07-30,-0.8,-6.2,4.7,1.1,77.1,1019.1,0.3,46.5,0.0,80.94999999999999
2023-11-11,39,0.13286146582808112,0.06951646582808112,0.1962064658280811,0.0,0.0,0.06600923689725872,0.0,0.0,6.600923689725873,Emergence,2023-10-03,2024-07-30,-5.6,-9.7,-1.5,0.8,68.0,1022.0,2.5,35.6,0.0,80.94999999999999
2023-11-12,40,0.13574430873047344,0.07239930873047344,0.19908930873047342,0.0,0.0,0.07012758390067633,0.0,0.0,7.012758390067633,Emergence,2023-10-03,2024-07-30,-6.4,-11.6,-1.2,0.0,83.4,1015.9,1.5,48.0,0.0,80.94999999999999
2023-11-13,41,0.13879084145797574,0.07544584145797574,0.20213584145797575,0.0,0.0,0.07447977351139394,0.0,0.0,7.447977351139394,Emergence,2023-10-03,2024-07-30,-5.9,-10.9,-0.8,3.6,66.8,1021.4,1.2,73.9,0.0,80.94999999999999
2023-11-14,42,0.1425433078904856,0.07919830789048561,0.20588830789048562,0.0,0.0,0.07984043984355091,0.0,0.0,7.9840439843550906,Emergence,2023-10-03,2024-07-30,-3.8,-8.0,0.4,9.8,70.6,1016.2,1.1,40.6,0.0,80.94999999999999
2023-11-15,43,0.14811056258651084,0.08476556258651084,0.21145556258651083,0.0,0.0,0.08779366083787263,0.0,0.0,8.779366083787263,Emergence,2023-10-03,2024-07-30,-3.0,-6.2,0.2,0.4,80.8,1022.0,0.6,50.9,0.0,80.94999999999999
2023-11-16,44,0.1562111614763399,0.0928661614763399,0.21955616147633988,0.008873087823342722,0.0,0.09936594496619985,0.8873087823342722,0.0,9.936594496619986,Emergence,2023-10-03,2024-07-30,-10.8,-13.8,-7.8,12.2,74.1,1018.8,1.0,56.6,0.0,80.94999999999999
2023-11-17,45,0.16552510254153818,0.10218010254153818,0.22887010254153817,0.022178717916483126,0.0,0.11267157505934025,2.217871791648313,0.0,11.267157505934025,Emergence,2023-10-03,2024-07-30,-7.8,-11.5,-4.0,8.5,79.4,1010.0,0.9,56.1,0.0,80.94999999999999
2023-11-18,46,0.17337483038247004,0.11002983038247004,0.23671983038247002,0.033392614832100063,0.0,0.12388547197495718,3.3392614832100063,0.0,12.388547197495718,Emergence,2023-10-03,2024-07-30,-6.1,-10.5,-1.8,1.7,65.9,1012.6,1.8,58.9,0.0,80.94999999999999
2023-11-19,47,0.17852238486092015,0.11517738486092015,0.24186738486092013,0.04074626408702879,0.0,0.13123912122988593,4.074626408702879,0.0,13.123912122988592,Emergence,2023-10-03,2024-07-30,-2.2,-5.5,1.1,5.2,80.4,1023.2,1.5,78.1,0.0,80.94999999999999
2023-11-20,48,0.18177902352073416,0.11843402352073416,0.24512402352073415,0.045398605029620245,0.0,0.13589146217247736,4.539860502962025,0.0,13.589146217247736,Emergence,2023-10-03,2024-07-30,-9.2,-14.5,-3.8,0.6,68.8,1008.3,2.2,38.5,0.0,80.94999999999999
2023-11-21,49,0.1843068960685022,0.1209618960685022,0.2476518960685022,0.049009851526431725,0.0,0.13950270866928885,4.900985152643172,0.0,13.950270866928886,Emergence,2023-10-03,2024-07-30,-6.2,-11.6,-0.8,0.8,80.0,1015.7,4.2,40.1,0.0,80.94999999999999
2023-11-22,50,0.1866665622590598,0.12332156225905981,0.2500115622590598,0.05238080322722831,0.0,0.14287366037008545,5.238080322722831,0.0,14.287366037008544,Emergence,2023-10-03,2024-07-30,-8.7,-12.7,-4.8,0.2,65.7,1022.7,2.5,50.8,0.0,80.94999999999999
2023-11-23,51,0.18900221671290535,0.12565721671290536,0.25234721671290533,0.05571745244700765,0.0,0.14621030958986478,5.5717452447007645,0.0,14.621030958986477,Emergence,2023-10-03,2024-07-30,-1.2,-4.9,2.5,3.1,66.8,1023.5,0.9,53.6,0.0,80.94999999999999
2023-11-24,52,0.19133559482624382,0.1279905948262438,0.25468059482624383,0.0590508497517769,0.0,0.14954370689463406,5.90508497517769,0.0,14.954370689463406,Emergence,2023-10-03,2024-07-30,-7.0,-10.2,-3.9,3.5,66.2,1007.7,0.8,33.3,0.0,80.94999999999999
2023-11-25,53,0.19366897384417528,0.13032397384417527,0.2570139738441753,0.06238424834882184,0.0,0.15287710549167902,6.238424834882184,0.0,15.287710549167901,Emergence,2023-10-03,2024-07-30,-8.0,-11.5,-4.5,0.0,84.9,1005.1,1.0,34.8,0.0,80.94999999999999
2023-11-26,54,0.19600235378497283,0.13265735378497284,0.2593473537849728,0.0657176482642469,0.0,0.15621050540710404,6.57176482642469,0.0,15.621050540710405,Emergence,2023-10-03,2024-07-30,-4.7,-8.8,-0.5,11.5,76.5,1006.2,0.5,67.1,0.0,80.94999999999999
2023-11-27,55,0.19833573466727855,0.13499073466727857,0.26168073466727854,0.06905104952468366,0.0,0.15954390666754079,6.905104952468366,0.0,15.954390666754078,Emergence,2023-10-03,2024-07-30,-5.6,-9.2,-2.0,8.6,84.1,1006.4,4.1,41.4,0.0,80.94999999999999
2023-11-28,56,0.2006691165101112,0.13732411651011123,0.2640141165101112,0.07238445215730174,0.0,0.16287730930015887,7.238445215730175,0.0,16.287730930015886,Emergence,2023-10-03,2024-07-30,-8.9,-13.6,-4.2,1.5,81.4,1007.6,0.9,65.3,0.0,80.94999999999999
2023-11-29,57,0.20300249933287365,0.13965749933287364,0.26634749933287366,0.07571785618981951,0.0,0.16621071333267667,7.57178561898195,0.0,16.62107133326767,Emergence,2023-10-03,2024-07-30,-9.3,-12.5,-6.1,2.0,80.9,1007.0,1.0,34.2,0.0,80.94999999999999
2023-11-30,58,0.20533588315536067,0.14199088315536068,0.26868088315536065,0.07905126165051525,0.0,0.1695441187933724,7.905126165051525,0.0,16.95441187933724,Emergence,2023-10-03,2024-07-30,-3.6,-8.1,0.8,1.1,79.0,1013.0,0.2,64.1,0.0,80.94999999999999
2023-12-01,59,0.20766926799776686,0.14432426799776688,0.27101426799776684,0.08238466856823838,0.0,0.17287752571109552,8.238466856823838,0.0,17.287752571109554,Emergence,2023-10-03,2024-07-30,-10.3,-14.4,-6.1,9.9,69.0,1019.4,2.0,34.2,0.0,80.94999999999999
2023-12-02,60,0.2100026538806948,0.1466576538806948,0.2733476538806948,0.08571807697242116,0.0,0.17621093411527833,8.571807697242116,0.0,17.621093411527834,Emergence,2023-10-03,2024-07-30,-3.9,-7.0,-0.9,0.1,67.2,1016.7,1.3,37.9,0.0,80.94999999999999
2023-12-03,61,0.21233604082516316,0.14899104082516318,0.27568104082516315,0.08905148689309025,0.0,0.17954434403594738,8.905148689309025,0.0,17.95443440359474,Emergence,2023-10-03,2024-07-30,-4.7,-10.2,0.9,3.9,79.3,1014.1,1.9,43.3,0.0,80.94999999999999
2023-12-04,62,0.2146694288526152,0.1513244288526152,0.2780144288526152,0.09238489836087886,0.0018920412180217388,0.182877755503736,9.238489836087886,0.18920412180217389,18.2877755503736,Emergence,2023-10-03,2024-07-30,-5.5,-10.1,-0.9,0.4,71.0,1006.4,0.6,54.6,0.0,80.94999999999999
2023-12-05,63,0.21700281798492724,0.15365781798492723,0.28034781798492725,0.09571831140703893,0.005225454264181759,0.18621116854989608,9.571831140703893,0.5225454264181759,18.62111685498961,Emergence,2023-10-03,2024-07-30,-7.8,-13.3,-2.3,2.2,66.7,1016.0,4.4,72.2,0.0,80.94999999999999
2023-12-06,64,0.21933620824441757,0.1559912082444176,0.28268120824441756,0.0990517260634537,0.008558868920596565,0.18954458320631082,9.905172606345369,0.8558868920596565,18.954458320631083,Emergence,2023-10-03,2024-07-30,-7.0,-10.2,-3.8,9.0,72.2,1013.6,4.6,35.9,0.0,80.94999999999999
2023-12-07,65,0.2216695996538552,0.1583245996538552,0.28501459965385517,0.10238514236265028,0.011892285219793155,0.1928779995055074,10.23851423626503,1.1892285219793155,19.287799950550742,Emergence,2023-10-03,2024-07-30,-10.2,-14.3,-6.1,1.5,67.5,1015.2,2.2,50.2,0.0,80.94999999999999
2023-12-08,66,0.22400299223646913,0.16065799223646915,0.2873479922364691,0.10571856033781306,0.015225703194955937,0.1962114174806702,10.571856033781305,1.5225703194955937,19.62114174806702,Emergence,2023-10-03,2024-07-30,-2.5,-7.4,2.4,8.8,79.6,1006.6,1.8,42.4,0.0,80.94999999999999
2023-12-09,67,0.22633638601595746,0.16299138601595747,0.28968138601595744,0.10905198002279638,0.018559122879939258,0.19954483716565352,10.905198002279638,1.8559122879939258,19.954483716565353,Emergence,2023-10-03,2024-07-30,-2.7,-5.9,0.4,0.1,77.6,1023.7,0.1,68.9,0.0,80.94999999999999
2023-12-10,68,0.22866978101649704,0.16532478101649706,0.292014781016497,0.11238540145213864,0.02189254430928152,0.20287825859499578,11.238540145213864,2.189254430928152,20.287825859499577,Emergence,2023-10-03,2024-07-30,-3.8,-8.8,1.3,1.5,78.9,1024.9,0.5,55.9,0.0,80.94999999999999
2023-12-11,69,0.23100317726275305,0.16765817726275306,0.29434817726275303,0.11571882466107579,0.025225967518218668,0.20621168180393293,11.57188246610758,2.5225967518218666,20.621168180393294,Emergence,2023-10-03,2024-07-30,-5.7,-10.9,-0.5,4.3,75.6,1008.2,1.8,47.9,0.0,80.94999999999999
2023-12-12,70,0.23333657477988878,0.1699915747798888,0.29668157477988877,0.11905224968555542,0.028559392542698295,0.20954510682841254,11.905224968555542,2.8559392542698294,20.954510682841253,Emergence,2023-10-03,2024-07-30,-7.8,-13.5,-2.0,0.2,72.6,1011.3,2.1,35.0,0.0,80.94999999999999
2023-12-13,71,0.23566997359357583,0.17232497359357585,0.2990149735935758,0.1223856765622512,0.03189281941939408,0.21287853370510834,12.23856765622512,3.1892819419394076,21.287853370510835,Emergence,2023-10-03,2024-07-30,-8.4,-12.7,-4.2,0.9,71.1,1006.6,6.1,64.8,0.0,80.94999999999999
2023-12-14,72,0.23800337373000444,0.17465837373000442,0.30134837373000445,0.12571910532857777,0.035226248185720614,0.21621196247143495,12.571910532857778,3.5226248185720612,21.621196247143494,Emergence,2023-10-03,2024-07-30,-5.8,-10.9,-0.7,4.0,66.0,1011.6,2.0,40.0,0.0,80.94999999999999
2023-12-15,73,0.2403367752158937,0.1769917752158937,0.3036817752158937,0.1290525360227053,0.03855967887984817,0.21954539316556243,12.90525360227053,3.8559678879848165,21.954539316556243,Emergence,2023-10-03,2024-07-30,-8.6,-13.4,-3.8,1.9,73.4,1022.1,7.4,62.4,0.0,80.94999999999999
2023-12-16,74,0.24267017807850239,0.1793251780785024,0.30601517807850237,0.13238596868357486,0.041893111540717724,0.22287882582643198,13.238596868357485,4.189311154071772,22.2878825826432,Emergence,2023-10-03,2024-07-30,-11.7,-16.9,-6.6,5.2,81.4,1024.3,1.6,54.8,0.0,80.94999999999999
2023-12-17,75,0.24500358234563985,0.18165858234563986,0.30834858234563983,0.1357194033509141,0.04522654620805696,0.22621226049377122,13.571940335091409,4.522654620805696,22.62122604937712,Emergence,2023-10-03,2024-07-30,-9.0,-13.3,-4.7,15.3,78.1,1024.2,4.7,77.6,0.0,80.94999999999999
2023-12-18,76,0.24733698804567733,0.18399198804567735,0.3106819880456773,0.13905284006525334,0.048559982922396216,0.22954569720811047,13.905284006525335,4.855998292239621,22.954569720811048,Emergence,2023-10-03,2024-07-30,-5.0,-8.2,-1.8,2.6,81.5,1013.4,3.5,33.6,0.0,80.94999999999999
2023-12-19,77,0.24967039520755885,0.18632539520755886,0.31301539520755883,0.14238627886794122,0.0518934217250841,0.23287913601079835,14.238627886794122,5.18934217250841,23.287913601079836,Emergence,2023-10-03,2024-07-30,-9.7,-14.0,-5.3,1.6,82.2,1024.9,0.5,55.8,0.0,80.94999999999999
2023-12-20,78,0.2520038038608132,0.18865880386081324,0.3153488038608132,0.14571971980116177,0.05522686265830464,0.2362125769440189,14.571971980116178,5.5226862658304645,23.62125769440189,Emergence,2023-10-03,2024-07-30,-6.2,-11.8,-0.5,3.9,79.3,1020.7,3.4,45.5,0.0,80.94999999999999
2023-12-21,79,0.25433721403556553,0.19099221403556554,0.3176822140355655,0.14905316290795076,0.05856030576509365,0.2395460200508079,14.905316290795076,5.856030576509365,23.95460200508079,Emergence,2023-10-03,2024-07-30,-9.9,-13.5,-6.2,3.1,76.6,1006.7,1.4,46.8,0.0,80.94999999999999
2023-12-22,80,0.2566706257625495,0.19332562576254952,0.3200156257625495,0.1523866082322136,0.06189375108935648,0.24287946537507074,15.238660823221359,6.189375108935648,24.287946537507075,Emergence,2023-10-03,2024-07-30,-9.2,-13.6,-4.7,2.8,74.9,1005.5,0.0,77.9,0.0,80.94999999999999
2023-12-23,81,0.2590040390731194,0.19565903907311943,0.3223490390731194,0.15572005581874204,0.06522719867588492,0.24621291296159917,15.572005581874205,6.522719867588492,24.621291296159917,Emergence,2023-10-03,2024-07-30,-5.6,-9.2,-2.0,3.0,67.7,1014.9,0.9,78.4,0.0,80.94999999999999
2023-12-24,82,0.261337453999263,0.19799245399926302,0.324682453999263,0.15905350571323287,0.06856064857037575,0.24954636285609,15.905350571323288,6.856064857037575,24.954636285609,Emergence,2023-10-03,2024-07-30,-12.9,-16.1,-9.7,5.8,82.8,1010.7,2.5,33.2,0.0,80.94999999999999
2023-12-25,83,0.26367087057361405,0.20032587057361406,0.32701587057361403,0.1623869579623058,0.07189410081944868,0.25287981510516294,16.23869579623058,7.189410081944867,25.287981510516293,Emergence,2023-10-03,2024-07-30,-8.6,-12.7,-4.5,1.0,80.7,1010.5,6.6,71.9,0.0,80.94999999999999
2023-12-26,84,0.26600428882946536,0.20265928882946538,0.32934928882946535,0.16572041261352197,0.07522755547066484,0.2562132697563791,16.572041261352197,7.522755547066485,25.62132697563791,Emergence,2023-10-03,2024-07-30,-3.4,-9.1,2.4,6.0,80.4,1021.6,1.1,45.7,0.0,80.94999999999999
2023-12-27,85,0.2683377088007822,0.20499270880078224,0.3316827088007822,0.1690538697154032,0.07856101257254608,0.2595467268582603,16.90538697154032,7.856101257254608,25.95467268582603,Emergence,2023-10-03,2024-07-30,-5.8,-9.0,-2.6,0.8,78.9,1011.0,4.3,49.9,0.0,80.94999999999999
2023-12-28,86,0.2706711305222161,0.2073261305222161,0.33401613052221607,0.17238732931745157,0.08189447217459445,0.2628801864603087,17.238732931745158,8.189447217459445,26.28801864603087,Emergence,2023-10-03,2024-07-30,-8.5,-13.0,-4.1,0.8,65.2,1023.9,0.3,42.3,0.0,80.94999999999999
2023-12-29,87,0.27300455402911794,0.20965955402911796,0.3363495540291179,0.1757207914701685,0.08522793432731138,0.26621364861302566,17.57207914701685,8.522793432731138,26.621364861302567,Emergence,2023-10-03,2024-07-30,-3.3,-8.1,1.5,0.3,68.8,1018.3,9.6,73.5,0.0,80.94999999999999
2023-12-30,88,0.27533797935755305,0.21199297935755307,0.33868297935755304,0.17905425622507581,0.08856139908221869,0.2695471133679329,17.905425622507583,8.856139908221868,26.95471133679329,Emergence,2023-10-03,2024-07-30,-5.9,-11.0,-0.7,0.3,76.0,1010.1,1.2,32.3,0.0,80.94999999999999
2023-12-31,89,0.27767140654431505,0.21432640654431506,0.34101640654431503,0.1823877236347358,0.09189486649187867,0.2728805807775929,18.23877236347358,9.189486649187867,27.288058077759292,Emergence,2023-10-03,2024-07-30,-8.7,-12.2,-5.1,1.7,73.1,1005.6,1.8,35.7,0.0,80.94999999999999
2024-01-01,90,0.2800048356269405,0.21665983562694052,0.3433498356269405,0.18572119375277218,0.09522833660991505,0.2762140508956293,18.572119375277218,9.522833660991505,27.621405089562927,Emergence,2023-10-03,2024-07-30,-2.0,-7.9,3.8,4.6,70.7,1018.7,11.1,53.1,0.0,80.94999999999999
2024-01-02,91,0.28233826664372447,0.21899326664372448,0.34568326664372445,0.18905466663389212,0.09856180949103499,0.27954752377674924,18.905466663389213,9.8561809491035,27.954752377674925,Emergence,2023-10-03,2024-07-30,-3.7,-7.6,0.3,1.6,83.0,1022.5,2.2,51.6,0.0,80.94999999999999
2024-01-03,92,0.28467169963373506,0.22132669963373508,0.34801669963373505,0.19238814233390725,0.10189528519105012,0.28288099947676437,19.238814233390723,10.189528519105012,28.288099947676436,Emergence,2023-10-03,2024-07-30,-5.3,-10.1,-0.5,0.2,66.7,1008.5,2.4,55.9,0.0,80.94999999999999
2024-01-04,93,0.28700513463682964,0.22366013463682966,0.3503501346368296,0.19572162090975664,0.10522876376689952,0.2862144780526138,19.572162090975663,10.522876376689952,28.62144780526138,Emergence,2023-10-03,2024-07-30,-8.6,-11.8,-5.5,3.4,83.2,1022.3,2.1,57.7,0.0,80.94999999999999
2024-01-05,94,0.2893385716936706,0.22599357169367063,0.3526835716936706,0.19905510241952945,0.10856224527667234,0.2895479595623866,19.905510241952946,10.856224527667234,28.95479595623866,Emergence,2023-10-03,2024-07-30,-8.9,-12.2,-5.5,5.0,73.0,1022.6,0.1,53.1,0.0,80.94999999999999
2024-01-06,95,0.29167201084574146,0.22832701084574147,0.35501701084574144,0.20238858692248782,0.11189572977963069,0.29288144406534494,20.238858692248783,11.189572977963069,29.288144406534496,Emergence,2023-10-03,2024-07-30,-4.1,-7.3,-0.9,2.2,67.6,1012.5,5.3,55.6,0.0,80.94999999999999
2024-01-07,96,0.29400545213536367,0.23066045213536368,0.35735045213536365,0.20572207447909097,0.11522921733623384,0.2962149316219481,20.572207447909097,11.522921733623384,29.621493162194813,Emergence,2023-10-03,2024-07-30,-8.3,-13.4,-3.2,2.4,65.3,1013.3,3.2,79.0,0.0,80.94999999999999
2024-01-08,97,0.29633889560571325,0.23299389560571326,0.35968389560571323,0.20905556515101895,0.11856270800816182,0.29954842229387607,20.905556515101896,11.856270800816182,29.95484222938761,Emergence,2023-10-03,2024-07-30,-8.5,-12.4,-4.6,0.1,84.7,1023.2,10.1,37.2,0.0,80.94999999999999
2024-01-09,98,0.2986723413008385,0.2353273413008385,0.36201734130083846,0.21238905900119784,0.12189620185834071,0.30288191614405496,21.238905900119782,12.189620185834071,30.288191614405495,Emergence,2023-10-03,2024-07-30,-6.7,-12.5,-1.0,1.1,65.3,1016.7,3.5,69.1,0.0,80.94999999999999
2024-01-10,99,0.301005789265677,0.23766078926567702,0.364350789265677,0.21572255609382432,0.1252296989509672,0.30621541323668144,21.57225560938243,12.52296989509672,30.621541323668144,Emergence,2023-10-03,2024-07-30,-2.6,-6.0,0.9,2.5,83.8,1018.8,1.3,73.2,0.0,80.94999999999999
2024-01-11,100,0.3033392395460741,0.23999423954607413,0.3666842395460741,0.2190560564943916,0.12856319935153449,0.30954891363724873,21.90560564943916,12.856319935153449,30.954891363724872,Emergence,2023-10-03,2024-07-30,-6.1,-9.4,-2.8,7.5,73.4,1023.2,4.4,69.0,0.0,80.94999999999999
2024-01-12,101,0.3056726921888011,0.24232769218880112,0.3690176921888011,0.2223895602697159,0.13189670312685878,0.312882417412573,22.23895602697159,13.189670312685879,31.2882417412573,Emergence,2023-10-03,2024-07-30,-8.5,-12.0,-5.0,3.4,80.0,1017.9,2.3,49.0,0.0,80.94999999999999
2024-01-13,102,0.3080061472415738,0.24466114724157384,0.3713511472415738,0.22572306748796264,0.1352302103451055,0.31621592463081977,22.572306748796265,13.523021034510549,31.621592463081978,Emergence,2023-10-03,2024-07-30,-4.6,-10.1,0.8,4.1,80.6,1016.6,4.6,79.4,0.0,80.94999999999999
2024-01-14,103,0.31033960475307154,0.24699460475307156,0.3736846047530715,0.22905657821867365,0.13856372107581652,0.3195494353615308,22.905657821867365,13.856372107581652,31.95494353615308,Emergence,2023-10-03,2024-07-30,-9.1,-14.7,-3.5,3.7,70.5,1017.3,4.4,53.0,0.0,80.94999999999999
2024-01-15,104,0.31267306477295703,0.24932806477295705,0.376018064772957,0.23239009253279577,0.14189723538993865,0.3228829496756529,23.239009253279576,14.189723538993865,32.28829496756529,Emergence,2023-10-03,2024-07-30,-1.5,-4.7,1.7,0.9,66.0,1010.1,3.8,77.3,0.0,80.94999999999999
2024-01-16,105,0.31500652735189577,0.2516615273518958,0.37835152735189576,0.23572361050270826,0.14523075335985114,0.3262164676455654,23.572361050270825,14.523075335985114,32.62164676455654,Emergence,2023-10-03,2024-07-30,-5.5,-11.4,0.5,2.3,67.3,1020.8,2.7,42.4,0.0,80.94999999999999
2024-01-17,106,0.3173399925415764,0.2539949925415764,0.3806849925415764,0.23905713220225203,0.1485642750593949,0.32954998934510915,23.905713220225202,14.85642750593949,32.95499893451092,Emergence,2023-10-03,2024-07-30,-5.9,-11.7,-0.0,3.7,75.8,1010.7,1.1,73.5,0.0,80.94999999999999
2024-01-18,107,0.31967346039473177,0.2563284603947318,0.38301846039473175,0.2423906577067597,0.15189780056390256,0.3328835148496168,24.239065770675968,15.189780056390257,33.28835148496168,Emergence,2023-10-03,2024-07-30,-5.0,-8.4,-1.6,4.3,75.8,1020.7,0.1,33.7,0.0,80.94999999999999
2024-01-19,108,0.32200693096515925,0.25866193096515927,0.38535193096515924,0.24572418709308466,0.15523132995022754,0.3362170442359418,24.572418709308465,15.523132995022754,33.62170442359418,Emergence,2023-10-03,2024-07-30,-0.4,-4.9,4.2,0.5,68.6,1009.1,5.3,49.6,0.0,80.94999999999999
2024-01-20,109,0.324340404307743,0.26099540430774304,0.387685404307743,0.24905772043963292,0.1585648632967758,0.33955057758249,24.905772043963292,15.85648632967758,33.955057758249005,Emergence,2023-10-03,2024-07-30,-5.5,-11.4,0.4,0.3,67.0,1010.2,2.4,64.0,0.0,80.94999999999999
2024-01-21,110,0.32667388047847545,0.26332888047847547,0.39001888047847544,0.25239125782639354,0.1618984006835364,0.34288411496925064,25.239125782639356,16.18984006835364,34.288411496925065,Emergence,2023-10-03,2024-07-30,-6.6,-10.6,-2.6,2.2,80.0,1010.4,1.2,35.1,0.0,80.94999999999999
2024-01-22,111,0.3290073595344798,0.2656623595344798,0.3923523595344798,0.25572479933497116,0.16523194219211404,0.34621765647782826,25.572479933497117,16.523194219211405,34.62176564778282,Emergence,2023-10-03,2024-07-30,1.4,-1.9,4.6,7.2,79.0,1011.4,1.3,33.8,1.3499999999999999,82.29999999999998
2024-01-23,112,0.33134084153403265,0.26799584153403266,0.39468584153403263,0.2590583450486181,0.16856548790576098,0.34955120219147523,25.905834504861808,16.8565487905761,34.955120219147524,Emergence,2023-10-03,2024-07-30,-7.2,-12.8,-1.6,3.4,81.8,1012.1,0.9,77.0,0.0,82.29999999999998
2024-01-24,113,0.3336743265365878,0.2703293265365878,0.3970193265365878,0.2623918950522683,0.1718990379094112,0.35288475219512544,26.23918950522683,17.18990379094112,35.28847521951254,Emergence,2023-10-03,2024-07-30,-1.3,-6.3,3.6,0.3,68.0,1010.2,11.3,71.7,0.0,82.29999999999998
2024-01-25,114,0.3360131677097648,0.2726681677097648,0.3993581677097648,0.2657330967282355,0.17524023958537832,0.35622595387109257,26.573309672823548,17.524023958537832,35.62259538710926,Emergence,2023-10-03,2024-07-30,-2.3,-7.9,3.3,1.2,70.8,1019.3,0.2,54.1,0.0,82.29999999999998
2024-01-26,115,0.3384082745310847,0.2750632745310847,0.40175327453108467,0.26915467790154957,0.17866182075869244,0.35964753504440666,26.915467790154956,17.866182075869244,35.964753504440665,Emergence,2023-10-03,2024-07-30,-4.2,-7.8,-0.5,0.6,72.4,1022.6,0.5,56.6,0.0,82.29999999999998
2024-01-27,116,0.34119666844014196,0.277851668440142,0.40454166844014194,0.2731380977716314,0.18264524062877427,0.3636309549144885,27.31380977716314,18.264524062877427,36.363095491448846,Emergence,2023-10-03,2024-07-30,-2.4,-5.5,0.8,1.9,68.5,1012.4,2.7,65.0,0.0,82.29999999999998
2024-01-28,117,0.3456825008972987,0.2823375008972987,0.40902750089729867,0.2795464298532839,0.18905357271042672,0.37003928699614097,27.954642985328388,18.90535727104267,37.0039286996141,Emergence,2023-10-03,2024-07-30,-5.6,-10.5,-0.8,1.4,74.0,1013.3,2.4,45.4,0.0,82.29999999999998
2024-01-29,118,0.3545390205169843,0.29119402051698434,0.4178840205169843,0.2921986007385491,0.20170574359569193,0.38269145788140624,29.21986007385491,20.170574359569194,38.26914578814063,Emergence,2023-10-03,2024-07-30,2.2,-1.8,6.2,0.2,75.7,1006.2,6.3,59.4,2.2,84.49999999999999
2024-01-30,119,0.3695218206436034,0.3061768206436034,0.4328668206436034,0.3136026009194334,0.22310974377657633,0.4040954580622905,31.360260091943342,22.310974377657633,40.409545806229055,Emergence,2023-10-03,2024-07-30,-4.5,-8.7,-0.3,2.7,76.6,1015.2,4.9,30.5,0.0,84.49999999999999
2024-01-31,120,0.3875068539640498,0.32416185396404984,0.4508518539640498,0.3392955056629284,0.24880264852007122,0.4297883628057854,33.92955056629284,24.880264852007123,42.97883628057854,Emergence,2023-10-03,2024-07-30,-3.6,-9.3,2.2,0.3,84.8,1008.5,3.2,78.4,0.0,84.49999999999999
2024-02-01,121,0.4020905338283839,0.3387455338283839,0.4654355338283839,0.3601293340405484,0.2696364768976913,0.4506221911834055,36.01293340405484,26.963647689769132,45.06221911834055,Emergence,2023-10-03,2024-07-30,-3.2,-6.5,0.2,2.2,84.6,1012.8,5.9,40.7,0.0,84.49999999999999
2024-02-02,122,0.4102793376168967,0.34693433761689674,0.4736243376168967,0.3718276251669953,0.2813347680241382,0.46232048230985245,37.18276251669953,28.13347680241382,46.23204823098524,Emergence,2023-10-03,2024-07-30,-0.6,-6.5,5.2,0.7,70.4,1016.9,2.5,64.7,0.0,84.49999999999999
2024-02-03,123,0.4139763424903515,0.3506313424903515,0.47732134249035146,0.3771090607005022,0.286616203557645,0.4676019178433593,37.71090607005022,28.6616203557645,46.76019178433593,Emergence,2023-10-03,2024-07-30,-6.3,-11.1,-1.5,0.9,82.0,1006.5,2.4,70.3,0.0,84.49999999999999
2024-02-04,124,0.4159395870832045,0.3525945870832045,0.4792845870832045,0.3799136958331494,0.28942083869029217,0.4704065529760065,37.991369583314935,28.94208386902922,47.04065529760065,Emergence,2023-10-03,2024-07-30,0.1,-4.9,5.0,0.3,81.4,1021.5,0.3,72.3,0.04999999999999982,84.54999999999998
2024-02-05,125,0.4175023625310725,0.3541573625310725,0.48084736253107246,0.38214623218724647,0.2916533750443893,0.4726390893301036,38.21462321872465,29.16533750443893,47.26390893301036,Emergence,2023-10-03,2024-07-30,-1.1,-5.8,3.7,0.1,75.1,1019.0,0.7,42.8,0.0,84.54999999999998
2024-02-06,126,0.4190079473515805,0.3556629473515805,0.48235294735158046,0.38429706764511506,0.29380421050225786,0.47478992478797216,38.42970676451151,29.380421050225785,47.47899247879722,Emergence,2023-10-03,2024-07-30,-1.1,-5.3,3.0,1.1,69.4,1018.5,1.7,56.3,0.0,84.54999999999998
2024-02-07,127,0.4205081078896379,0.3571631078896379,0.48385310788963787,0.3864401541280541,0.295947296985197,0.47693301127091126,38.64401541280541,29.5947296985197,47.693301127091125,Emergence,2023-10-03,2024-07-30,-1.8,-7.3,3.7,1.2,69.9,1018.4,0.4,56.0,0.0,84.54999999999998
2024-02-08,128,0.42200827167040805,0.35866327167040807,0.48535327167040804,0.3885832452434401,0.29809038810058297,0.4790761023862973,38.85832452434401,29.809038810058297,47.90761023862973,Emergence,2023-10-03,2024-07-30,-1.4,-6.0,3.1,0.9,70.9,1013.2,4.8,58.7,0.0,84.54999999999998
2024-02-09,129,0.42350843875938304,0.36016343875938306,0.48685343875938303,0.3907263410848329,0.3002334839419758,0.48121919822769005,39.07263410848329,30.02334839419758,48.121919822769,Emergence,2023-10-03,2024-07-30,-1.5,-6.6,3.6,1.4,73.0,1020.5,3.4,40.8,0.0,84.54999999999998
2024-02-10,130,0.42500860922337713,0.36166360922337715,0.4883536092233771,0.3928694417476816,0.3023765846048245,0.4833622988905387,39.28694417476816,30.237658460482454,48.336229889053875,Emergence,2023-10-03,2024-07-30,-0.3,-4.1,3.6,0.1,82.2,1021.3,0.3,63.9,0.0,84.54999999999998
2024-02-11,131,0.42650878313055385,0.36316378313055386,0.48985378313055383,0.39501254732936264,0.30451969018650554,0.48550540447221974,39.50125473293626,30.451969018650555,48.55054044722198,Emergence,2023-10-03,2024-07-30,1.5,-3.7,6.7,0.2,73.4,1021.2,3.5,50.8,1.5,86.04999999999998
2024-02-12,132,0.4280089605504532,0.3646639605504532,0.49135396055045316,0.3971556579292189,0.3066628007863617,0.487648515072076,39.71556579292189,30.66628007863617,48.7648515072076,Emergence,2023-10-03,2024-07-30,-1.9,-6.0,2.2,1.3,77.7,1005.7,2.0,37.2,0.0,86.04999999999998
2024-02-13,133,0.42950914155401887,0.3661641415540189,0.49285414155401885,0.3992987736485984,0.3088059165057413,0.4897916307914555,39.92987736485984,30.88059165057413,48.97916307914555,Emergence,2023-10-03,2024-07-30,4.3,-0.5,9.2,3.5,69.9,1019.5,9.8,37.1,4.35,90.39999999999998
2024-02-14,134,0.43100932621362736,0.3676643262136274,0.49435432621362735,0.4014418945908963,0.31094903744803915,0.49193475173375345,40.14418945908963,31.094903744803915,49.19347517337535,Emergence,2023-10-03,2024-07-30,3.6,-1.2,8.3,1.0,73.4,1008.8,0.5,67.1,3.5500000000000003,93.94999999999997
2024-02-15,135,0.4325095146031164,0.3691645146031164,0.49585451460311636,0.4035850208615948,0.3130921637187377,0.49407787800445196,40.35850208615948,31.30921637187377,49.4077878004452,Emergence,2023-10-03,2024-07-30,-0.5,-5.9,5.0,2.1,80.2,1017.8,1.2,78.1,0.0,93.94999999999997
2024-02-16,136,0.4340097067978145,0.3706647067978145,0.49735470679781446,0.4057281525683064,0.3152352954254493,0.4962210097111635,40.572815256830644,31.52352954254493,49.62210097111635,Emergence,2023-10-03,2024-07-30,-1.6,-6.2,3.0,0.8,83.3,1005.8,0.0,68.6,0.0,93.94999999999997
2024-02-17,137,0.43550990287457114,0.37216490287457116,0.4988549028745711,0.4078712898208159,0.31737843267795884,0.49836414696367304,40.78712898208159,31.737843267795885,49.83641469636731,Emergence,2023-10-03,2024-07-30,2.6,-1.7,6.9,2.2,65.2,1020.8,0.3,74.6,2.6,96.54999999999997
2024-02-18,138,0.4370101029117873,0.37366510291178734,0.5003551029117873,0.41001443273112476,0.31952157558826766,0.5005072898739819,41.00144327311248,31.952157558826766,50.05072898739819,Emergence,2023-10-03,2024-07-30,0.8,-2.2,3.9,0.2,69.5,1012.4,0.3,51.8,0.8499999999999999,97.39999999999996
2024-02-19,139,0.43851030698944715,0.37516530698944717,0.5018553069894471,0.4121575814134959,0.32166472427063886,0.502650438556353,41.21575814134959,32.16647242706389,50.265043855635305,Emergence,2023-10-03,2024-07-30,1.2,-2.5,5.0,1.9,81.2,1020.8,0.6,35.5,1.25,98.64999999999996
2024-02-20,140,0.44001051518914946,0.3766655151891495,0.5033555151891494,0.41430073598449924,0.32380787884164214,0.5047935931273564,41.43007359844992,32.380787884164214,50.47935931273564,Emergence,2023-10-03,2024-07-30,4.5,0.4,8.5,0.7,76.8,1020.9,0.2,66.2,4.45,103.09999999999997
2024-02-21,141,0.44151072759414056,0.3781657275941406,0.5048557275941405,0.4164438965630579,0.32595103942020087,0.5069367537059151,41.64438965630579,32.59510394202009,50.69367537059151,Emergence,2023-10-03,2024-07-30,-2.9,-6.8,1.0,0.2,71.7,1019.2,4.8,63.3,0.0,103.09999999999997
2024-02-22,142,0.4430109442893474,0.3796659442893474,0.5063559442893474,0.4185870632704963,0.3280942061276392,0.5090799204133534,41.858706327049624,32.809420612763915,50.90799204133533,Emergence,2023-10-03,2024-07-30,3.2,-2.8,9.2,1.1,69.4,1024.8,5.9,32.6,3.1999999999999997,106.29999999999997
2024-02-23,143,0.44451116536141166,0.3811661653614117,0.5078561653614116,0.4207302362305881,0.330237379087731,0.5112230933734452,42.07302362305881,33.0237379087731,51.12230933734452,Emergence,2023-10-03,2024-07-30,1.7,-3.1,6.5,0.8,65.9,1018.1,2.9,53.7,1.7,107.99999999999997
2024-02-24,144,0.446011390898724,0.382666390898724,0.509356390898724,0.42287341556960567,0.33238055842674863,0.5133662727124628,42.28734155696057,33.23805584267486,51.336627271246286,Emergence,2023-10-03,2024-07-30,1.7,-2.6,6.0,0.0,76.7,1017.6,1.9,45.0,1.7,109.69999999999997
2024-02-25,145,0.4475116209914599,0.38416662099145993,0.5108566209914599,0.4250166014163713,0.3345237442735142,0.5155094585592285,42.50166014163713,33.45237442735142,51.55094585592285,Emergence,2023-10-03,2024-07-30,-1.6,-5.7,2.5,1.9,84.6,1006.9,1.3,41.0,0.0,109.69999999999997
2024-02-26,146,0.44901185573161495,0.38566685573161497,0.5123568557316149,0.42715979390230707,0.33666693675945,0.5176526510451642,42.71597939023071,33.666693675945,51.76526510451642,Emergence,2023-10-03,2024-07-30,4.1,0.5,7.7,1.4,69.4,1008.7,4.5,37.5,4.1,113.79999999999997
2024-02-27,147,0.45051209521304214,0.38716709521304216,0.5138570952130421,0.4293029931614888,0.3388101360186317,0.5197958503043459,42.930299316148876,33.88101360186317,51.97958503043459,Emergence,2023-10-03,2024-07-30,2.9,-0.3,6.1,1.5,68.0,1023.3,2.0,30.1,2.9,116.69999999999997
2024-02-28,148,0.4520123395314893,0.3886673395314893,0.5153573395314893,0.43144619933069905,0.3409533421878419,0.5219390564735562,43.144619933069905,34.09533421878419,52.19390564735562,Emergence,2023-10-03,2024-07-30,1.4,-3.8,6.7,0.2,71.6,1012.7,0.8,63.9,1.4500000000000002,118.14999999999998
2024-02-29,149,0.4535125887846368,0.3901675887846368,0.5168575887846368,0.4335894125494812,0.34309655540662404,0.5240822696923383,43.35894125494812,34.309655540662405,52.40822696923383,Emergence,2023-10-03,2024-07-30,4.7,0.0,9.4,0.3,73.3,1021.2,1.7,67.4,4.7,122.84999999999998
2024-03-01,150,0.4550128430721374,0.3916678430721374,0.5183578430721374,0.43573263296019626,0.3452397758173392,0.5262254901030534,43.573263296019626,34.523977581733924,52.62254901030534,Emergence,2023-10-03,2024-07-30,0.8,-2.3,3.9,0.2,73.8,1018.0,0.3,47.4,0.8,123.64999999999998
2024-03-02,151,0.4565131024956549,0.3931681024956549,0.5198581024956549,0.43787586070807843,0.34738300356522134,0.5283687178509355,43.78758607080784,34.73830035652213,52.83687178509355,Emergence,2023-10-03,2024-07-30,6.3,1.3,11.2,0.2,74.5,1020.4,0.5,71.5,6.25,129.89999999999998
2024-03-03,152,0.45801336715890606,0.3946683671589061,0.521358367158906,0.44001909594129435,0.3495262387984373,0.5305119530841514,44.00190959412944,34.95262387984373,53.051195308415146,Emergence,2023-10-03,2024-07-30,6.8,3.0,10.5,0.3,72.3,1017.3,3.6,52.3,6.75,136.64999999999998
2024-03-04,153,0.4595136371677008,0.3961686371677008,0.5228586371677008,0.4421623388110011,0.351669481668144,0.5326551959538582,44.21623388110011,35.1669481668144,53.265519595385825,Emergence,2023-10-03,2024-07-30,2.3,-1.2,5.9,1.2,67.3,1022.1,6.3,58.8,2.35,138.99999999999997
2024-03-05,154,0.46101391262998526,0.39766891262998527,0.5243589126299852,0.4443055894714075,0.35381273232855043,0.5347984466142647,44.43055894714075,35.381273232855044,53.47984466142647,Emergence,2023-10-03,2024-07-30,6.6,0.8,12.5,0.5,80.9,1020.1,4.2,47.6,6.65,145.64999999999998
2024-03-06,155,0.4625141936558842,0.3991691936558842,0.5258591936558842,0.4464488480798346,0.3559559909369775,0.5369417052226917,44.64488480798346,35.59559909369775,53.69417052226917,Emergence,2023-10-03,2024-07-30,1.7,-2.8,6.2,0.3,79.0,1019.1,3.7,43.8,1.7000000000000002,147.34999999999997
2024-03-07,156,0.4640144803577456,0.40066948035774563,0.5273594803577456,0.44859211479677946,0.3580992576539223,0.5390849719396366,44.859211479677946,35.80992576539223,53.908497193963655,Emergence,2023-10-03,2024-07-30,2.7,-2.1,7.5,0.3,68.0,1017.8,0.5,43.8,2.7,150.04999999999995
2024-03-08,157,0.46551477285018517,0.4021697728501852,0.5288597728501852,0.4507353897859788,0.36024253264312167,0.541228246928836,45.07353897859788,36.024253264312165,54.1228246928836,Emergence,2023-10-03,2024-07-30,1.3,-4.3,6.8,0.1,79.8,1007.3,1.1,42.3,1.25,151.29999999999995
2024-03-09,158,0.467015071250132,0.403670071250132,0.530360071250132,0.4528786732144742,0.36238581607161713,0.5433715303573313,45.28786732144742,36.23858160716171,54.33715303573313,Emergence,2023-10-03,2024-07-30,7.1,1.3,12.9,0.2,80.0,1009.5,2.2,51.2,7.1000000000000005,158.39999999999995
2024-03-10,159,0.4685153756768753,0.4051703756768753,0.5318603756768753,0.45502196525267896,0.36452910810982186,0.5455148223955361,45.5021965252679,36.45291081098219,54.55148223955361,Emergence,2023-10-03,2024-07-30,5.2,0.2,10.1,0.2,65.3,1017.9,4.2,63.3,5.1499999999999995,163.54999999999995
2024-03-11,160,0.4700156862521122,0.4066706862521122,0.5333606862521122,0.457165266074446,0.36667240893158887,0.5476581232173031,45.7165266074446,36.66724089315888,54.76581232173031,Emergence,2023-10-03,2024-07-30,7.5,3.3,11.6,0.0,67.6,1005.7,3.8,49.7,7.449999999999999,170.99999999999994
2024-03-12,161,0.471516003099996,0.408171003099996,0.534861003099996,0.4593085758571371,0.36881571871428,0.5498014329999942,45.93085758571371,36.881571871428,54.98014329999942,Emergence,2023-10-03,2024-07-30,7.1,3.7,10.4,0.2,84.8,1020.4,5.3,41.6,7.050000000000001,178.04999999999995
2024-03-13,162,0.47301632634718593,0.40967132634718595,0.5363613263471859,0.4614518947816942,0.3709590376388371,0.5519447519245513,46.14518947816942,37.09590376388371,55.19447519245513,Emergence,2023-10-03,2024-07-30,1.4,-2.7,5.4,0.1,81.5,1008.4,0.1,39.8,1.35,179.39999999999995
2024-03-14,163,0.4745166561228976,0.41117165612289763,0.5378616561228976,0.4635952230327109,0.37310236588985374,0.554088080175568,46.35952230327109,37.310236588985376,55.4088080175568,Emergence,2023-10-03,2024-07-30,0.9,-4.1,5.8,0.1,65.4,1011.5,1.6,43.3,0.8500000000000001,180.24999999999994
2024-03-15,164,0.47601699255895435,0.41267199255895437,0.5393619925589543,0.46573856079850623,0.3752457036556491,0.5562314179413633,46.57385607985062,37.524570365564905,55.62314179413633,Emergence,2023-10-03,2024-07-30,4.4,1.1,7.7,0.1,84.4,1015.1,0.3,36.0,4.4,184.64999999999995
2024-03-16,165,0.47751733578984035,0.41417233578984036,0.5408623357898403,0.4678819082712005,0.37738905112834337,0.5583747654140576,46.788190827120054,37.73890511283434,55.83747654140576,Emergence,2023-10-03,2024-07-30,0.2,-4.4,4.8,0.0,74.0,1021.5,1.8,76.7,0.19999999999999973,184.84999999999994
2024-03-17,166,0.4790176859527536,0.41567268595275364,0.5423626859527536,0.47002526564679087,0.37953240850393377,0.560518122789648,47.00252656467909,37.95324085039338,56.051812278964796,Emergence,2023-10-03,2024-07-30,10.3,5.9,14.7,0.1,81.7,1005.7,0.4,45.4,10.3,195.14999999999995
2024-03-18,167,0.4805180431876612,0.41717304318766124,0.5438630431876612,0.47216863312523033,0.3816757759823732,0.5626614902680874,47.21686331252303,38.167577598237315,56.26614902680874,Tillering,2023-10-03,2024-07-30,5.2,-0.8,11.2,0.1,75.0,1016.1,0.6,76.2,5.199999999999999,200.34999999999994
2024-03-19,168,0.482018407637355,0.418673407637355,0.545363407637355,0.4743120109105072,0.3838191537676501,0.5648048680533643,47.43120109105072,38.38191537676501,56.480486805336426,Tillering,2023-10-03,2024-07-30,12.3,7.4,17.2,0.2,77.7,1012.6,0.4,30.9,12.3,212.64999999999995
2024-03-20,169,0.4835187794475081,0.4201737794475081,0.5468637794475081,0.4764553992107258,0.38596254206786873,0.5669482563535829,47.64553992107258,38.596254206786874,56.69482563535829,Tillering,2023-10-03,2024-07-30,6.5,1.8,11.1,0.0,79.0,1020.0,0.5,69.2,6.45,219.09999999999994
2024-03-21,170,0.48501915876673374,0.42167415876673375,0.5483641587667337,0.47859879823819107,0.3881059410953339,0.5690916553810482,47.85987982381911,38.81059410953339,56.90916553810482,Tillering,2023-10-03,2024-07-30,6.8,1.9,11.8,0.0,72.6,1008.0,1.6,41.6,6.8500000000000005,225.94999999999993
2024-03-22,171,0.486519545746644,0.42317454574664404,0.549864545746644,0.4807422082094915,0.39024935106663433,0.5712350653523486,48.07422082094915,39.024935106663435,57.12350653523486,Tillering,2023-10-03,2024-07-30,12.5,6.9,18.1,0.1,76.2,1018.8,0.4,64.4,12.5,238.44999999999993
2024-03-23,172,0.48801994054191034,0.42467494054191035,0.5513649405419103,0.4828856293455862,0.39239277220272906,0.5733784864884434,48.28856293455862,39.2392772202729,57.337848648844336,Tillering,2023-10-03,2024-07-30,14.6,9.6,19.6,0.1,79.3,1010.6,3.0,77.3,14.600000000000001,253.04999999999993
2024-03-24,173,0.48952034331032557,0.4261753433103256,0.5528653433103256,0.48502906187189365,0.39453620472903655,0.5755219190147508,48.50290618718937,39.45362047290366,57.552191901475084,Tillering,2023-10-03,2024-07-30,11.1,7.0,15.3,0.3,73.9,1012.3,3.8,39.3,11.15,264.19999999999993
2024-03-25,174,0.4910207542128663,0.4276757542128663,0.5543657542128663,0.4871725060183804,0.39667964887552326,0.5776653631612375,48.71725060183804,39.66796488755232,57.76653631612375,Tillering,2023-10-03,2024-07-30,9.4,3.8,15.1,0.0,77.6,1022.1,3.3,78.8,9.45,273.6499999999999
2024-03-26,175,0.49252117341375756,0.4291761734137576,0.5558661734137575,0.48931596201965366,0.3988231048767965,0.5798088191625108,48.93159620196536,39.88231048767965,57.98088191625108,Tillering,2023-10-03,2024-07-30,9.5,5.4,13.5,0.1,76.0,1016.3,6.8,56.9,9.45,283.0999999999999
2024-03-27,176,0.49402160108053783,0.43067660108053785,0.5573666010805378,0.49145943011505405,0.4009665729721969,0.5819522872579111,49.1459430115054,40.09665729721969,58.19522872579112,Tillering,2023-10-03,2024-07-30,9.2,3.7,14.8,0.1,76.9,1013.3,1.4,53.7,9.25,292.3499999999999
2024-03-28,177,0.49552203738412615,0.43217703738412616,0.5588670373841261,0.49360291054875166,0.4031100534058945,0.5840957676916088,49.36029105487517,40.31100534058945,58.40957676916088,Tillering,2023-10-03,2024-07-30,10.6,6.1,15.0,0.0,74.2,1005.3,3.9,64.9,10.55,302.8999999999999
2024-03-29,178,0.49702248249889025,0.43367748249889027,0.5603674824988902,0.49574640356984323,0.4052535464269861,0.5862392607127004,49.574640356984325,40.52535464269861,58.62392607127004,Tillering,2023-10-03,2024-07-30,8.9,4.7,13.1,0.0,65.4,1008.6,2.0,46.0,8.9,311.7999999999999
2024-03-30,179,0.49852293660271574,0.43517793660271575,0.5618679366027157,0.49788990943245104,0.40739705228959394,0.5883827665753082,49.7889909432451,40.739705228959394,58.83827665753082,Tillering,2023-10-03,2024-07-30,14.4,11.4,17.4,0.1,71.7,1006.6,1.0,63.3,14.399999999999999,326.1999999999999
2024-03-31,180,0.5000233998770773,0.43667839987707735,0.5633683998770773,0.5000334283958248,0.4095405712529676,0.5905262855386819,50.00334283958247,40.954057125296764,59.05262855386819,Tillering,2023-10-03,2024-07-30,12.5,7.1,18.0,0.1,83.5,1011.0,7.4,75.1,12.55,338.7499999999999
2024-04-01,181,0.501523872507111,0.43817887250711096,0.5648688725071109,0.5021769607244442,0.4116841035815871,0.5926698178673013,50.21769607244442,41.16841035815871,59.266981786730135,Tillering,2023-10-03,2024-07-30,11.7,7.4,15.9,0.1,71.0,1014.8,0.2,48.2,11.65,350.39999999999986
2024-04-02,182,0.5030243546816876,0.4396793546816876,0.5663693546816876,0.5043205066881251,0.413827649545268,0.5948133638309823,50.43205066881251,41.3827649545268,59.481336383098224,Tillering,2023-10-03,2024-07-30,12.7,7.1,18.4,0.0,78.4,1017.2,1.6,30.0,12.75,363.14999999999986
2024-04-03,183,0.5045248465934887,0.44117984659348874,0.5678698465934887,0.5064640665621267,0.4159712094192696,0.5969569237049839,50.646406656212676,41.59712094192696,59.695692370498385,Tillering,2023-10-03,2024-07-30,13.4,8.6,18.1,0.2,73.1,1015.0,1.5,43.2,13.350000000000001,376.4999999999999
2024-04-04,184,0.5060253484390825,0.44268034843908255,0.5693703484390825,0.5086076406272607,0.4181147834844036,0.5991004977701179,50.86076406272607,41.81147834844036,59.910049777011785,Tillering,2023-10-03,2024-07-30,15.4,9.9,20.9,0.2,72.7,1020.1,0.1,41.3,15.399999999999999,391.89999999999986
2024-04-05,185,0.5075258604190028,0.44418086041900284,0.5708708604190028,0.510751229170004,0.4202583720271469,0.6012440863128612,51.07512291700041,42.02583720271469,60.124408631286116,Tillering,2023-10-03,2024-07-30,11.2,6.0,16.3,0.0,76.9,1021.5,1.8,75.3,11.15,403.04999999999984
2024-04-06,186,0.5090263827378286,0.44568138273782865,0.5723713827378286,0.5128948324826124,0.4224019753397552,0.6033876896254694,51.289483248261234,42.24019753397552,60.33876896254694,Tillering,2023-10-03,2024-07-30,10.4,5.9,15.0,0.0,77.6,1013.5,6.5,58.9,10.45,413.49999999999983
2024-04-07,187,0.5105269156042656,0.44718191560426557,0.5738719156042655,0.5150384508632365,0.42454559372037937,0.6055313080060937,51.50384508632365,42.454559372037934,60.55313080060937,Tillering,2023-10-03,2024-07-30,11.8,6.5,17.2,0.0,69.0,1014.9,0.5,46.5,11.85,425.34999999999985
2024-04-08,188,0.5120274592312292,0.4486824592312292,0.5753724592312291,0.5171820846160416,0.42668922747318455,0.6076749417588988,51.71820846160416,42.668922747318454,60.76749417588988,Tillering,2023-10-03,2024-07-30,16.0,11.9,20.2,0.0,69.3,1014.6,3.2,47.6,16.05,441.39999999999986
2024-04-09,189,0.5135280138359299,0.45018301383592996,0.5768730138359299,0.5193257340513285,0.4288328769084714,0.6098185911941856,51.93257340513286,42.88328769084714,60.98185911941856,Tillering,2023-10-03,2024-07-30,13.8,9.9,17.8,0.0,76.2,1018.2,1.6,76.9,13.850000000000001,455.2499999999999
2024-04-10,190,0.515028579639959,0.451683579639959,0.578373579639959,0.5214693994856556,0.43097654234279853,0.6119622566285128,52.14693994856556,43.09765423427985,61.196225662851276,Tillering,2023-10-03,2024-07-30,13.2,9.9,16.5,0.3,80.1,1016.2,5.4,32.3,13.2,468.4499999999999
2024-04-11,191,0.5165291568693772,0.4531841568693772,0.5798741568693772,0.5236130812419674,0.4331202240991103,0.6141059383848245,52.36130812419674,43.31202240991103,61.410593838482455,Tillering,2023-10-03,2024-07-30,16.4,13.0,19.8,0.0,67.6,1005.2,0.2,79.9,16.4,484.84999999999985
2024-04-12,192,0.5180297457548044,0.45468474575480444,0.5813747457548044,0.5257567796497206,0.43526392250686347,0.6162496367925777,52.57567796497206,43.52639225068635,61.624963679257775,Tillering,2023-10-03,2024-07-30,11.7,7.4,16.1,0.1,77.8,1013.9,0.0,64.3,11.75,496.59999999999985
2024-04-13,193,0.5195303465315121,0.4561853465315121,0.5828753465315121,0.5279004950450172,0.43740763790216014,0.6183933521878744,52.790049504501724,43.740763790216015,61.83933521878744,Stem Elongation,2023-10-03,2024-07-30,20.1,16.5,23.6,0.1,83.1,1011.8,11.7,50.9,20.05,516.6499999999999
2024-04-14,194,0.5210380963467758,0.4576930963467758,0.5843830963467758,0.5300544233525368,0.43956156620967973,0.620547280495394,53.00544233525368,43.956156620967974,62.0547280495394,Stem Elongation,2023-10-03,2024-07-30,11.8,6.8,16.8,0.0,80.6,1016.8,2.6,32.6,11.8,528.4499999999998
2024-04-15,195,0.5226210427239074,0.45927604272390743,0.5859660427239074,0.5323157753198677,0.44182291817701064,0.6228086324627249,53.23157753198677,44.18229181770106,62.28086324627249,Stem Elongation,2023-10-03,2024-07-30,13.0,7.5,18.4,0.0,80.8,1015.1,0.8,73.3,12.95,541.3999999999999
2024-04-16,196,0.5247303375255703,0.4613853375255703,0.5880753375255703,0.5353290536079576,0.4448361964651005,0.6258219107508147,53.53290536079576,44.48361964651005,62.582191075081475,Stem Elongation,2023-10-03,2024-07-30,16.6,13.0,20.1,0.1,71.8,1014.6,2.3,41.8,16.55,557.9499999999998
2024-04-17,197,0.5291174830118252,0.46577248301182517,0.5924624830118251,0.5415964043026074,0.45110354715975026,0.6320892614454645,54.15964043026074,45.11035471597503,63.20892614454645,Stem Elongation,2023-10-03,2024-07-30,15.5,10.0,20.9,0.1,70.9,1013.6,1.5,46.0,15.45,573.3999999999999
2024-04-18,198,0.5394017369393733,0.47605673693937334,0.6027467369393733,0.5562881956276762,0.4657953384848191,0.6467810527705333,55.62881956276762,46.57953384848191,64.67810527705333,Stem Elongation,2023-10-03,2024-07-30,12.6,7.7,17.5,0.1,84.1,1018.2,2.8,60.9,12.6,585.9999999999999
2024-04-19,199,0.558066306903229,0.494721306903229,0.621411306903229,0.5829518670046129,0.4924590098617557,0.67344472414747,58.29518670046129,49.24590098617557,67.344472414747,Stem Elongation,2023-10-03,2024-07-30,13.3,8.5,18.1,0.2,76.0,1016.0,2.4,33.6,13.3,599.2999999999998
2024-04-20,200,0.5811476014401258,0.5178026014401258,0.6444926014401258,0.6159251449144654,0.5254322877716083,0.7064180020573225,61.592514491446536,52.543228777160834,70.64180020573225,Stem Elongation,2023-10-03,2024-07-30,18.5,13.0,24.1,0.1,68.2,1008.0,16.6,46.7,18.55,617.8499999999998
2024-04-21,201,0.6002112226122189,0.536866222612219,0.6635562226122189,0.6431588894460271,0.5526660323031699,0.7336517465888842,64.3158889446027,55.26660323031699,73.36517465888842,Stem Elongation,2023-10-03,2024-07-30,19.0,14.8,23.2,0.0,74.3,1012.7,6.7,45.4,19.0,636.8499999999998
2024-04-22,202,0.6111630867426805,0.5478180867426805,0.6745080867426805,0.6588044096324007,0.5683115524895436,0.7492972667752579,65.88044096324008,56.83115524895436,74.92972667752579,Stem Elongation,2023-10-03,2024-07-30,13.3,7.8,18.9,0.1,80.2,1009.0,2.5,37.6,13.35,650.1999999999998
2024-04-23,203,0.6163389542990808,0.5529939542990808,0.6796839542990808,0.6661985061415441,0.5757056489986869,0.7566913632844011,66.6198506141544,57.57056489986869,75.66913632844012,Stem Elongation,2023-10-03,2024-07-30,15.1,9.4,20.7,0.0,80.3,1017.2,0.1,52.0,15.05,665.2499999999998
2024-04-24,204,0.6192733140930247,0.5559283140930247,0.6826183140930246,0.670390448704321,0.5798975915614638,0.7608833058471781,67.0390448704321,57.989759156146384,76.08833058471781,Stem Elongation,2023-10-03,2024-07-30,18.8,15.6,22.0,0.2,75.5,1016.5,6.8,71.5,18.8,684.0499999999997
2024-04-25,205,0.6216885359328685,0.5583435359328686,0.6850335359328685,0.6738407656183837,0.5833479084755265,0.7643336227612407,67.38407656183837,58.334790847552654,76.43336227612407,Stem Elongation,2023-10-03,2024-07-30,11.6,5.8,17.3,0.0,81.1,1016.5,5.8,76.1,11.55,695.5999999999997
2024-04-26,206,0.6240295161391769,0.5606845161391769,0.6873745161391769,0.6771850230559671,0.5866921659131099,0.7676778801988241,67.7185023055967,58.66921659131099,76.76778801988242,Stem Elongation,2023-10-03,2024-07-30,15.6,10.9,20.4,0.2,72.0,1017.1,5.0,57.7,15.649999999999999,711.2499999999997
2024-04-27,207,0.6263634455708207,0.5630184455708207,0.6897084455708207,0.6805192079583153,0.5900263508154582,0.7710120651011724,68.05192079583153,59.00263508154582,77.10120651011724,Stem Elongation,2023-10-03,2024-07-30,16.9,13.6,20.2,0.4,69.7,1022.4,3.8,32.5,16.9,728.1499999999996
2024-04-28,208,0.6286973870376252,0.5653523870376252,0.6920423870376252,0.6838534100537503,0.5933605529108932,0.7743462671966075,68.38534100537504,59.336055291089316,77.43462671966074,Stem Elongation,2023-10-03,2024-07-30,16.5,10.8,22.1,0.1,68.1,1011.5,4.8,56.5,16.450000000000003,744.5999999999997
2024-04-29,209,0.6310313407824386,0.5676863407824386,0.6943763407824386,0.687187629689198,0.5966947725463408,0.7776804868320552,68.7187629689198,59.66947725463408,77.76804868320552,Stem Elongation,2023-10-03,2024-07-30,15.1,11.7,18.6,0.0,78.5,1011.3,7.8,52.1,15.15,759.7499999999997
2024-04-30,210,0.6333653070530036,0.5700203070530037,0.6967103070530036,0.6905218672185767,0.6000290100757195,0.7810147243614338,69.05218672185767,60.00290100757195,78.10147243614338,Stem Elongation,2023-10-03,2024-07-30,20.2,16.2,24.3,0.0,76.0,1005.2,1.0,53.0,20.25,779.9999999999997
2024-05-01,211,0.6356992861020552,0.5723542861020552,0.6990442861020552,0.693856123002936,0.6033632658600788,0.7843489801457931,69.3856123002936,60.336326586007885,78.43489801457932,Stem Elongation,2023-10-03,2024-07-30,16.7,12.6,20.8,0.1,79.8,1008.6,2.6,64.0,16.7,796.6999999999997
2024-05-02,212,0.6380332781874225,0.5746882781874225,0.7013782781874225,0.6971903974106036,0.6066975402677465,0.7876832545534607,69.71903974106036,60.66975402677465,78.76832545534607,Booting,2023-10-03,2024-07-30,23.5,19.4,27.7,0.2,68.5,1023.7,5.9,77.9,23.549999999999997,820.2499999999997
2024-05-03,213,0.6403672835721298,0.5770222835721298,0.7037122835721298,0.7005246908173283,0.6100318336744711,0.7910175479601854,70.05246908173282,61.003183367447114,79.10175479601854,Booting,2023-10-03,2024-07-30,19.2,14.3,24.1,0.0,67.2,1013.1,1.3,74.0,19.200000000000003,839.4499999999997
2024-05-04,214,0.6427013025245016,0.5793563025245017,0.7060463025245016,0.7038590036064309,0.6133661464635738,0.7943518607492881,70.38590036064309,61.336614646357376,79.43518607492881,Booting,2023-10-03,2024-07-30,20.2,14.9,25.5,0.2,70.1,1012.8,1.9,60.9,20.2,859.6499999999997
2024-05-05,215,0.645035335318269,0.581690335318269,0.7083803353182689,0.7071933361689556,0.6167004790260985,0.7976861933118128,70.71933361689557,61.670047902609845,79.76861933118128,Booting,2023-10-03,2024-07-30,20.4,15.9,24.9,0.0,81.8,1019.5,1.3,70.5,20.4,880.0499999999997
2024-05-06,216,0.6473693822326787,0.5840243822326787,0.7107143822326787,0.7105276889038268,0.6200348317609696,0.8010205460466838,71.05276889038268,62.003483176096964,80.10205460466838,Booting,2023-10-03,2024-07-30,21.4,18.2,24.5,0.1,75.0,1017.0,1.8,56.8,21.35,901.3999999999997
2024-05-07,217,0.6497034435526032,0.5863584435526032,0.7130484435526032,0.7138620622180046,0.6233692050751475,0.8043549193608618,71.38620622180046,62.33692050751475,80.43549193608618,Booting,2023-10-03,2024-07-30,22.2,17.2,27.2,0.0,66.4,1016.7,4.0,30.0,22.2,923.5999999999998
2024-05-08,218,0.6520375195686545,0.5886925195686545,0.7153825195686545,0.7171964565266493,0.6267035993837922,0.8076893136695065,71.71964565266494,62.670359938379214,80.76893136695065,Booting,2023-10-03,2024-07-30,21.0,16.2,25.9,0.1,79.5,1007.3,0.2,76.9,21.049999999999997,944.6499999999997
2024-05-09,219,0.6543716105772985,0.5910266105772986,0.7177166105772985,0.7205308722532836,0.6300380151104266,0.8110237293961408,72.05308722532835,63.00380151104265,81.10237293961407,Booting,2023-10-03,2024-07-30,18.9,15.5,22.3,0.0,72.4,1012.3,1.2,41.9,18.9,963.5499999999997
2024-05-10,220,0.6567057168809742,0.5933607168809742,0.7200507168809742,0.7238653098299632,0.6333724526871061,0.8143581669728204,72.38653098299632,63.3372452687106,81.43581669728204,Booting,2023-10-03,2024-07-30,18.6,14.2,23.0,0.0,75.3,1019.2,0.0,55.8,18.6,982.1499999999997
2024-05-11,221,0.6590398387882115,0.5956948387882115,0.7223848387882115,0.727199769697445,0.6367069125545879,0.8176926268403021,72.71997696974451,63.67069125545879,81.76926268403021,Heading,2023-10-03,2024-07-30,21.5,18.2,24.8,0.1,79.9,1016.3,0.4,71.7,21.5,1003.6499999999997
2024-05-12,222,0.6613739766137554,0.5980289766137554,0.7247189766137554,0.7305342523053648,0.6400413951625078,0.821027109448222,73.05342523053649,64.00413951625077,82.1027109448222,Heading,2023-10-03,2024-07-30,20.3,15.5,25.2,0.1,68.1,1011.8,4.1,48.1,20.35,1023.9999999999998
2024-05-13,223,0.66370813067869,0.60036313067869,0.7270531306786899,0.7338687581124143,0.6433759009695571,0.8243616152552713,73.38687581124142,64.33759009695571,82.43616152552713,Heading,2023-10-03,2024-07-30,18.8,13.0,24.6,0.1,66.1,1007.2,0.6,48.5,18.8,1042.7999999999997
2024-05-14,224,0.6660503297889969,0.6027053297889969,0.7293953297889969,0.7372147568414242,0.6467218996985671,0.8277076139842813,73.72147568414242,64.6721899698567,82.77076139842812,Heading,2023-10-03,2024-07-30,22.5,16.8,28.2,0.3,83.7,1014.3,3.3,65.3,22.5,1065.2999999999997
2024-05-15,225,0.6684768304645627,0.6051318304645628,0.7318218304645627,0.7406811863779468,0.6501883292350896,0.8311740435208039,74.06811863779468,65.01883292350897,83.1174043520804,Heading,2023-10-03,2024-07-30,22.3,16.4,28.2,0.1,70.2,1018.2,2.8,75.6,22.299999999999997,1087.5999999999997
2024-05-16,226,0.6714920730455458,0.6081470730455458,0.7348370730455458,0.7449886757793511,0.6544958186364941,0.8354815329222083,74.49886757793512,65.44958186364941,83.54815329222083,Heading,2023-10-03,2024-07-30,24.3,20.0,28.7,0.0,73.7,1005.4,6.3,61.0,24.35,1111.9499999999996
2024-05-17,227,0.677044877393629,0.613699877393629,0.7403898773936289,0.7529212534194699,0.6624283962766129,0.8434141105623271,75.29212534194698,66.24283962766128,84.3414110562327,Heading,2023-10-03,2024-07-30,23.7,18.0,29.5,0.1,75.4,1009.1,4.3,60.8,23.75,1135.6999999999996
2024-05-18,228,0.6891137501875184,0.6257687501875184,0.7524587501875184,0.7701625002678835,0.6796696431250263,0.8606553574107406,77.01625002678834,67.96696431250263,86.06553574107406,Heading,2023-10-03,2024-07-30,21.2,17.9,24.5,0.0,70.6,1016.1,8.2,74.8,21.2,1156.8999999999996
2024-05-19,229,0.7102522016794242,0.6469072016794242,0.7735972016794241,0.800360288113463,0.709867430970606,0.8908531452563202,80.0360288113463,70.9867430970606,89.08531452563201,Heading,2023-10-03,2024-07-30,26.0,20.6,31.4,0.1,78.1,1024.4,3.9,77.2,26.0,1182.8999999999996
2024-05-20,230,0.7356625417196605,0.6723175417196605,0.7990075417196605,0.8366607738852293,0.7461679167423722,0.9271536310280865,83.66607738852294,74.61679167423722,92.71536310280865,Flowering,2023-10-03,2024-07-30,22.7,19.3,26.0,0.0,79.9,1010.7,0.4,75.6,22.65,1205.5499999999997
2024-05-21,231,0.7556833663605367,0.6923383663605367,0.8190283663605367,0.8652619519436239,0.7747690948007667,0.955754809086481,86.52619519436239,77.47690948007667,95.5754809086481,Flowering,2023-10-03,2024-07-30,20.2,16.8,23.6,0.2,68.7,1012.8,2.3,69.3,20.200000000000003,1225.7499999999998
2024-05-22,232,0.7658824885229389,0.702537488522939,0.8292274885229389,0.8798321264613413,0.7893392693184842,0.9703249836041985,87.98321264613413,78.93392693184842,97.03249836041985,Flowering,2023-10-03,2024-07-30,21.1,16.2,26.0,0.0,76.4,1021.9,1.9,79.7,21.1,1246.8499999999997
2024-05-23,233,0.7692264114645956,0.7058814114645956,0.8325714114645956,0.8846091592351366,0.7941163020922795,0.9751020163779937,88.46091592351367,79.41163020922795,97.51020163779937,Flowering,2023-10-03,2024-07-30,22.7,19.2,26.3,0.1,80.5,1019.2,4.7,66.4,22.75,1269.5999999999997
2024-05-24,234,0.7699310759187166,0.7065860759187166,0.8332760759187166,0.8856158227410237,0.7951229655981665,0.9761086798838808,88.56158227410236,79.51229655981665,97.61086798838808,Flowering,2023-10-03,2024-07-30,21.7,15.7,27.7,0.1,74.5,1013.8,6.1,69.1,21.7,1291.2999999999997
2024-05-25,235,0.7700269003564517,0.7066819003564517,0.8333719003564517,0.885752714794931,0.795259857652074,0.9762455719377882,88.5752714794931,79.5259857652074,97.62455719377881,Flowering,2023-10-03,2024-07-30,22.4,17.8,26.9,0.0,75.5,1022.2,9.3,43.4,22.35,1313.6499999999996
2024-05-26,236,0.7700358465053108,0.7066908465053108,0.8333808465053107,0.8857654950075868,0.7952726378647297,0.976258352150444,88.57654950075869,79.52726378647297,97.6258352150444,Flowering,2023-10-03,2024-07-30,26.5,22.5,30.6,0.1,81.3,1012.7,5.3,75.3,26.55,1340.1999999999996
2024-05-27,237,0.7700365702827219,0.7066915702827219,0.8333815702827219,0.885766528975317,0.7952736718324599,0.9762593861181741,88.5766528975317,79.52736718324599,97.6259386118174,Flowering,2023-10-03,2024-07-30,23.2,18.7,27.7,0.0,80.1,1009.9,0.1,44.1,23.2,1363.3999999999996
2024-05-28,238,0.7700373086663131,0.7066923086663132,0.8333823086663131,0.8857675838090188,0.7952747266661617,0.9762604409518759,88.57675838090188,79.52747266661618,97.6260440951876,Flowering,2023-10-03,2024-07-30,27.4,21.8,32.9,0.0,82.3,1021.2,2.0,51.9,27.35,1390.7499999999995
2024-05-29,239,0.7700220059850986,0.7066770059850986,0.8333670059850986,0.8857457228358552,0.795252865692998,0.9762385799787123,88.57457228358552,79.52528656929981,97.62385799787123,Grain Filling,2023-10-03,2024-07-30,27.2,23.2,31.2,0.0,83.6,1008.8,4.3,43.7,27.2,1417.9499999999996
2024-05-30,240,0.7698371008737985,0.7064921008737985,0.8331821008737985,0.8854815726768551,0.794988715533998,0.9759744298197122,88.54815726768551,79.4988715533998,97.59744298197121,Grain Filling,2023-10-03,2024-07-30,22.5,17.0,27.9,0.2,79.9,1021.2,2.1,36.6,22.45,1440.3999999999996
2024-05-31,241,0.7684626339051592,0.7051176339051592,0.8318076339051592,0.8835180484359418,0.7930251912930847,0.9740109055787989,88.35180484359418,79.30251912930846,97.40109055787988,Grain Filling,2023-10-03,2024-07-30,23.9,19.4,28.4,0.0,70.1,1016.6,0.2,76.0,23.9,1464.2999999999997
2024-06-01,242,0.7619232558188938,0.6985782558188938,0.8252682558188937,0.8741760797412768,0.7836832225984197,0.9646689368841339,87.41760797412768,78.36832225984197,96.46689368841339,Grain Filling,2023-10-03,2024-07-30,24.6,19.4,29.7,0.0,73.3,1009.5,0.8,40.4,24.549999999999997,1488.8499999999997
2024-06-02,243,0.7419254830817048,0.6785804830817048,0.8052704830817048,0.845607832973864,0.755114975831007,0.9361006901167211,84.5607832973864,75.51149758310069,93.61006901167211,Grain Filling,2023-10-03,2024-07-30,24.3,18.7,29.9,0.1,69.9,1006.5,6.1,64.1,24.299999999999997,1513.1499999999996
2024-06-03,244,0.7024922669704838,0.6391472669704839,0.7658372669704838,0.7892746671006912,0.6987818099578341,0.8797675242435483,78.92746671006911,69.87818099578341,87.97675242435483,Grain Filling,2023-10-03,2024-07-30,26.4,21.2,31.6,0.8,75.9,1023.3,1.2,46.1,26.4,1539.5499999999997
2024-06-04,245,0.6519887505959956,0.5886437505959956,0.7153337505959956,0.717126786565708,0.6266339294228509,0.8076196437085651,71.7126786565708,62.66339294228509,80.7619643708565,Grain Filling,2023-10-03,2024-07-30,24.3,20.0,28.5,0.1,74.1,1024.7,1.2,32.9,24.25,1563.7999999999997
2024-06-05,246,0.609107683490038,0.545762683490038,0.672452683490038,0.6558681192714828,0.5653752621286257,0.74636097641434,65.58681192714828,56.537526212862566,74.63609764143399,Grain Filling,2023-10-03,2024-07-30,22.0,18.9,25.1,0.1,72.8,1021.1,0.6,69.2,22.0,1585.7999999999997
2024-06-06,247,0.5833417621911697,0.5199967621911697,0.6466867621911697,0.6190596602730997,0.5285668031302425,0.7095525174159567,61.905966027309965,52.85668031302425,70.95525174159567,Grain Filling,2023-10-03,2024-07-30,23.3,18.0,28.5,0.8,68.6,1018.0,0.6,33.4,23.25,1609.0499999999997
2024-06-07,248,0.5699879949673167,0.5066429949673167,0.6333329949673167,0.5999828499533095,0.5094899928104524,0.6904757070961667,59.998284995330955,50.94899928104524,69.04757070961666,Grain Filling,2023-10-03,2024-07-30,20.0,14.0,25.9,0.6,68.5,1008.7,0.7,73.7,19.95,1628.9999999999998
2024-06-08,249,0.5614853674674599,0.49814036746745993,0.6248303674674599,0.5878362392392285,0.49734338209637136,0.6783290963820856,58.783623923922846,49.73433820963714,67.83290963820856,Grain Filling,2023-10-03,2024-07-30,28.9,23.9,33.9,1.0,71.0,1017.3,1.6,43.8,28.9,1657.8999999999999
2024-06-09,250,0.5541102574588912,0.4907652574588912,0.6174552574588912,0.577300367798416,0.4868075106555589,0.6677932249412731,57.7300367798416,48.68075106555589,66.77932249412731,Grain Filling,2023-10-03,2024-07-30,20.0,15.5,24.6,1.6,70.0,1010.9,1.3,59.4,20.05,1677.9499999999998
2024-06-10,251,0.5468967584862765,0.4835517584862765,0.6102417584862765,0.5669953692661093,0.4765025121232522,0.6574882264089664,56.699536926610925,47.650251212325216,65.74882264089665,Grain Filling,2023-10-03,2024-07-30,24.7,21.6,27.8,0.2,75.7,1015.5,4.5,71.4,24.700000000000003,1702.6499999999999
2024-06-11,252,0.5396987117893535,0.4763537117893535,0.6030437117893535,0.5567124454133621,0.46621958827050497,0.6472053025562192,55.67124454133621,46.6219588270505,64.72053025562192,Grain Filling,2023-10-03,2024-07-30,24.2,19.9,28.5,0.5,80.3,1018.1,1.6,79.6,24.2,1726.85
2024-06-12,253,0.5325007044967957,0.46915570449679567,0.5958457044967956,0.5464295778525652,0.4559367207097081,0.6369224349954223,54.64295778525652,45.59367207097081,63.692243499542236,Grain Filling,2023-10-03,2024-07-30,25.4,20.2,30.7,0.9,79.0,1016.9,0.6,51.4,25.45,1752.3
2024-06-13,254,0.525302737402383,0.461957737402383,0.588647737402383,0.53614676771769,0.44565391057483283,0.6266396248605471,53.614676771769,44.56539105748328,62.663962486054714,Grain Filling,2023-10-03,2024-07-30,26.1,20.5,31.7,0.4,83.2,1008.9,3.2,33.3,26.1,1778.3999999999999
2024-06-14,255,0.5181048113158392,0.4547598113158392,0.5814498113158392,0.5258640161654845,0.4353711590226274,0.6163568733083417,52.58640161654845,43.53711590226274,61.635687330834166,Maturity,2023-10-03,2024-07-30,22.8,18.5,27.0,0.1,83.4,1006.6,0.3,51.9,22.75,1801.1499999999999
2024-06-15,256,0.5109069270631508,0.4475619270631508,0.5742519270631508,0.5155813243759296,0.42508846723307253,0.6060741815187868,51.55813243759296,42.50884672330725,60.607418151878676,Maturity,2023-10-03,2024-07-30,25.2,19.5,31.0,0.5,74.8,1012.7,1.2,54.3,25.25,1826.3999999999999
2024-06-16,257,0.5037090854868915,0.44036408548689154,0.5670540854868915,0.5052986935527022,0.41480583640984503,0.5957915506955593,50.52986935527022,41.480583640984506,59.57915506955593,Maturity,2023-10-03,2024-07-30,25.3,22.2,28.4,0.6,75.8,1008.0,1.3,63.7,25.299999999999997,1851.6999999999998
2024-06-17,258,0.4965112874465528,0.43316628744655283,0.5598562874465528,0.4950161249236469,0.40452326778078973,0.585508982066504,49.501612492364686,40.45232677807897,58.5508982066504,Maturity,2023-10-03,2024-07-30,24.4,18.9,30.0,2.0,74.6,1011.9,4.1,56.3,24.45,1876.1499999999999
2024-06-18,259,0.4893135338188823,0.42596853381888233,0.5526585338188823,0.48473361974126045,0.39424076259840335,0.5752264768841175,48.47336197412604,39.424076259840334,57.52264768841175,Maturity,2023-10-03,2024-07-30,28.7,24.2,33.1,0.2,71.4,1010.8,6.3,60.9,28.65,1904.8
2024-06-19,260,0.4821158254982274,0.4187708254982274,0.5454608254982274,0.474451179283182,0.3839583221403249,0.5649440364260391,47.4451179283182,38.39583221403249,56.494403642603906,Maturity,2023-10-03,2024-07-30,22.6,19.4,25.8,1.3,80.9,1013.1,3.4,65.5,22.6,1927.3999999999999
2024-06-20,261,0.4749181633968867,0.4115731633968867,0.5382631633968867,0.46416880485269535,0.37367594770983825,0.5546616619955524,46.41688048526954,37.36759477098383,55.466166199555246,Maturity,2023-10-03,2024-07-30,26.0,21.3,30.7,0.3,83.0,1016.0,1.0,47.2,26.0,1953.3999999999999
2024-06-21,262,0.4677205484454675,0.4043755484454675,0.5310655484454675,0.4538864977792393,0.3633936406363822,0.5443793549220964,45.38864977792393,36.33936406363822,54.43793549220965,Maturity,2023-10-03,2024-07-30,24.8,19.4,30.2,0.9,77.4,1011.6,0.1,73.0,24.799999999999997,1978.1999999999998
2024-06-22,263,0.4605229815932511,0.39717798159325113,0.5238679815932511,0.44360425941893017,0.35311140227607307,0.5340971165617873,44.36042594189302,35.31114022760731,53.40971165617873,Harvest,2023-10-03,2024-07-30,24.0,18.7,29.4,1.2,73.8,1024.7,3.2,68.1,24.049999999999997,2002.2499999999998
2024-06-23,264,0.4533308139191462,0.3899858139191462,0.5166758139191462,0.43332973417020887,0.34283687702735177,0.523822591313066,43.33297341702089,34.28368770273518,52.3822591313066,Unknown,2023-10-03,2024-07-30,28.0,24.4,31.7,0.4,76.5,1021.7,1.1,63.7,28.049999999999997,2030.2999999999997
2024-06-24,265,0.4461946366360219,0.3828496366360219,0.5095396366360219,0.42313519519431697,0.3326423380514599,0.5136280523371741,42.31351951943169,33.264233805145984,51.36280523371741,Unknown,2023-10-03,2024-07-30,22.9,18.2,27.6,0.2,65.2,1015.7,0.2,31.0,22.9,2053.2
2024-06-25,266,0.43944822417257445,0.37610322417257447,0.5027932241725744,0.4134974631036778,0.3230046059608207,0.5039903202465349,41.34974631036778,32.30046059608207,50.399032024653486,Unknown,2023-10-03,2024-07-30,28.3,22.9,33.8,0.0,84.0,1016.9,1.2,51.9,28.349999999999998,2081.5499999999997
2024-06-26,267,0.43437359559548944,0.37102859559548945,0.4977185955954894,0.40624799370784215,0.31575513656498494,0.49674085085069924,40.62479937078422,31.575513656498494,49.674085085069926,Unknown,2023-10-03,2024-07-30,23.0,18.3,27.7,0.7,76.0,1018.7,1.6,58.3,23.0,2104.5499999999997
2024-06-27,268,0.4335499830166356,0.3702049830166356,0.4968949830166356,0.4050714043094794,0.31457854716662237,0.49556426145233656,40.50714043094794,31.457854716662236,49.55642614523366,Unknown,2023-10-03,2024-07-30,23.7,17.7,29.6,0.7,81.6,1006.5,0.7,60.0,23.65,2128.2
2024-06-28,269,0.43849302385141475,0.37514802385141477,0.5018380238514147,0.4121328912163068,0.3216400340734497,0.502625748359164,41.21328912163068,32.16400340734497,50.262574835916396,Unknown,2023-10-03,2024-07-30,26.0,22.8,29.2,2.1,81.5,1020.4,3.7,78.3,26.0,2154.2
2024-06-29,270,0.4457427904899334,0.38239779048993344,0.5090877904899335,0.422489700699905,0.3319968435570478,0.5129825578427621,42.2489700699905,33.199684355704775,51.298255784276215,Unknown,2023-10-03,2024-07-30,28.2,23.4,33.1,0.6,71.3,1007.8,4.2,59.7,28.25,2182.45
2024-06-30,271,0.4487266083456438,0.38538160834564383,0.5120716083456438,0.426752297636634,0.33625944049377693,0.5172451547794912,42.6752297636634,33.62594404937769,51.72451547794912,Unknown,2023-10-03,2024-07-30,24.6,20.5,28.7,0.7,80.7,1017.3,6.9,62.2,24.6,2207.0499999999997
2024-07-01,272,0.4446252981554082,0.3812802981554082,0.5079702981554082,0.4208932830791545,0.3304004259362975,0.5113861402220117,42.08932830791545,33.04004259362975,51.13861402220117,Unknown,2023-10-03,2024-07-30,24.8,21.7,27.9,0.7,71.9,1016.5,1.1,47.8,24.799999999999997,2231.85
2024-07-02,273,0.43567849832558025,0.37233349832558027,0.49902349832558024,0.4081121404651146,0.3176192833222576,0.4986049976079718,40.81121404651146,31.761928332225757,49.860499760797175,Unknown,2023-10-03,2024-07-30,21.4,18.2,24.6,0.7,75.3,1011.0,4.2,54.8,21.4,2253.25
2024-07-03,274,0.42488167681109734,0.36153667681109736,0.4882266768110973,0.39268810973013907,0.30219525258728197,0.48318096687299616,39.268810973013906,30.219525258728197,48.318096687299615,Unknown,2023-10-03,2024-07-30,22.6,17.5,27.6,2.0,77.9,1019.0,1.8,44.4,22.55,2275.8
2024-07-04,275,0.41365989984457163,0.35031489984457165,0.4770048998445716,0.37665699977795947,0.28616414263510237,0.4671498569208166,37.665699977795946,28.616414263510237,46.71498569208166,Unknown,2023-10-03,2024-07-30,21.3,15.4,27.2,1.1,74.3,1023.5,6.2,61.5,21.3,2297.1000000000004
2024-07-05,276,0.40237765790156643,0.33903265790156645,0.4657226579015664,0.36053951128795203,0.27004665414509493,0.4510323684308092,36.053951128795205,27.004665414509493,45.10323684308092,Unknown,2023-10-03,2024-07-30,24.7,20.1,29.3,0.5,66.8,1015.5,2.1,49.8,24.700000000000003,2321.8
2024-07-06,277,0.391089748521808,0.327744748521808,0.454434748521808,0.34441392645972574,0.25392106931686864,0.43490678360258284,34.44139264597258,25.392106931686865,43.490678360258286,Unknown,2023-10-03,2024-07-30,24.0,18.5,29.5,0.1,72.4,1009.0,5.7,60.5,24.0,2345.8
2024-07-07,278,0.37980188778001467,0.3164568877800147,0.44314688778001465,0.3282884111143067,0.23779555397144958,0.4187812682571638,32.82884111143067,23.779555397144957,41.87812682571638,Unknown,2023-10-03,2024-07-30,24.1,20.2,28.1,2.0,80.1,1011.2,2.6,41.9,24.15,2369.9500000000003
2024-07-08,279,0.36851407665417896,0.305169076654179,0.43185907665417894,0.3121629666488271,0.22167010950597,0.4026558237916843,31.21629666488271,22.167010950597,40.26558237916843,Unknown,2023-10-03,2024-07-30,19.8,16.5,23.1,3.4,65.1,1017.7,0.6,38.9,19.8,2389.7500000000005
2024-07-09,280,0.3572263161418642,0.2938813161418642,0.42057131614186416,0.2960375944883774,0.20554473734552028,0.3865304516312345,29.603759448837742,20.55447373455203,38.65304516312345,Unknown,2023-10-03,2024-07-30,25.7,20.5,30.9,2.1,78.8,1018.7,0.4,36.6,25.7,2415.4500000000003
2024-07-10,281,0.3459386072605928,0.2825936072605928,0.40928360726059276,0.27991229608656115,0.189419438943704,0.37040515322941825,27.991229608656116,18.9419438943704,37.04051532294182,Unknown,2023-10-03,2024-07-30,22.0,18.9,25.1,0.7,83.2,1006.9,2.3,33.2,22.0,2437.4500000000003
2024-07-11,282,0.3346509510482416,0.2713059510482416,0.3979959510482416,0.26378707292605946,0.17329421578320234,0.3542799300689166,26.378707292605945,17.329421578320233,35.42799300689166,Unknown,2023-10-03,2024-07-30,20.3,15.6,25.0,0.2,68.6,1013.7,2.9,71.2,20.3,2457.7500000000005
2024-07-12,283,0.3233633485634448,0.2600183485634448,0.38670834856344477,0.24766192651920685,0.15716906937634972,0.338154783662064,24.766192651920687,15.716906937634972,33.8154783662064,Unknown,2023-10-03,2024-07-30,23.3,17.4,29.3,4.2,67.5,1008.1,2.9,44.3,23.35,2481.1000000000004
2024-07-13,284,0.3120758008860046,0.24873080088600463,0.3754208008860046,0.23153685840857804,0.14104400126572092,0.32202971555143517,23.153685840857804,14.104400126572092,32.20297155514352,Unknown,2023-10-03,2024-07-30,24.4,18.6,30.2,0.4,72.4,1014.3,1.2,56.7,24.4,2505.5000000000005
2024-07-14,285,0.30078830911731036,0.23744330911731037,0.36413330911731034,0.21541187016758626,0.12491901302472912,0.3059047273104434,21.541187016758627,12.491901302472911,30.590472731044336,Unknown,2023-10-03,2024-07-30,22.4,17.7,27.2,6.1,69.5,1013.0,0.0,47.0,22.45,2527.9500000000003
2024-07-15,286,0.289500874380765,0.226155874380765,0.352845874380765,0.19928696340109286,0.10879410625823574,0.28977982054395,19.928696340109287,10.879410625823574,28.977982054395003,Unknown,2023-10-03,2024-07-30,26.8,22.8,30.9,0.9,77.5,1023.3,2.5,37.7,26.85,2554.8
2024-07-16,287,0.27821349782222077,0.21486849782222078,0.34155849782222075,0.18316213974602968,0.09266928260317256,0.27365499688888684,18.316213974602967,9.266928260317256,27.365499688888683,Unknown,2023-10-03,2024-07-30,26.2,21.3,31.2,3.1,83.1,1011.9,0.3,38.2,26.25,2581.05
2024-07-17,288,0.26692618061042217,0.20358118061042219,0.33027118061042215,0.1670374008720317,0.07654454372917456,0.2575302580148888,16.70374008720317,7.654454372917456,25.75302580148888,Unknown,2023-10-03,2024-07-30,24.1,19.2,28.9,1.4,65.1,1020.2,0.5,73.4,24.049999999999997,2605.1000000000004
2024-07-18,289,0.25563892393745846,0.19229392393745848,0.31898392393745845,0.15091274848208353,0.06041989133922641,0.24140560562494065,15.091274848208352,6.041989133922641,24.140560562494066,Unknown,2023-10-03,2024-07-30,24.0,20.7,27.3,3.4,76.3,1021.1,4.0,59.6,24.0,2629.1000000000004
2024-07-19,290,0.2443517290192242,0.1810067290192242,0.3076967290192242,0.13478818431317743,0.04429532717032031,0.22528104145603456,13.478818431317743,4.429532717032031,22.528104145603457,Unknown,2023-10-03,2024-07-30,22.9,17.8,28.1,0.6,65.8,1011.4,1.1,61.3,22.950000000000003,2652.05
2024-07-20,291,0.23306459709588903,0.16971959709588902,0.29640959709588904,0.11866371013698435,0.02817085299412718,0.2091565672798415,11.866371013698435,2.817085299412718,20.91565672798415,Unknown,2023-10-03,2024-07-30,22.3,18.0,26.5,3.2,70.2,1010.9,0.3,79.4,22.25,2674.3
2024-07-21,292,0.2217775294323765,0.1584325294323765,0.2851225294323765,0.10253932776053787,0.01204647061768074,0.193032184903395,10.253932776053787,1.204647061768074,19.3032184903395,Unknown,2023-10-03,2024-07-30,23.4,18.0,28.8,1.8,82.7,1007.5,0.3,39.7,23.4,2697.7000000000003
2024-07-22,293,0.21049052731885176,0.14714552731885178,0.27383552731885175,0.0864150390269311,0.0,0.17690789616978822,8.64150390269311,0.0,17.690789616978822,Unknown,2023-10-03,2024-07-30,22.8,19.6,25.9,3.8,72.7,1016.1,3.7,51.6,22.75,2720.4500000000003
2024-07-23,294,0.19920359207121902,0.13585859207121903,0.262548592071219,0.07029084581602718,0.0,0.1607837029588843,7.029084581602718,0.0,16.07837029588843,Unknown,2023-10-03,2024-07-30,25.5,22.0,29.1,0.4,69.0,1023.2,0.8,69.1,25.55,2746.0000000000005
2024-07-24,295,0.18791672503162815,0.12457172503162815,0.25126172503162814,0.054166750045183086,0.0,0.14465960718804022,5.416675004518309,0.0,14.465960718804022,Unknown,2023-10-03,2024-07-30,24.0,19.6,28.3,2.0,75.6,1008.2,0.4,46.7,23.950000000000003,2769.9500000000003
2024-07-25,296,0.1766309345493292,0.11328593454932921,0.2399759345493292,0.03804419221332745,0.0,0.12853704935618457,3.8044192213327452,0.0,12.853704935618456,Unknown,2023-10-03,2024-07-30,23.0,17.6,28.3,0.0,73.6,1022.8,5.3,42.4,22.950000000000003,2792.9
2024-07-26,297,0.16535782660832832,0.10201282660832832,0.2287028266083283,0.021939752297611893,0.0,0.11243260944046903,2.193975229761189,0.0,11.243260944046902,Unknown,2023-10-03,2024-07-30,23.2,17.5,28.9,2.8,78.8,1016.4,4.4,48.4,23.2,2816.1
2024-07-27,298,0.1541821426017513,0.09083714260175131,0.21752714260175132,0.005974489431073308,0.0,0.09646734657393047,0.5974489431073308,0.0,9.646734657393047,Unknown,2023-10-03,2024-07-30,22.7,17.3,28.2,1.8,81.7,1005.8,1.4,78.2,22.75,2838.85
2024-07-28,299,0.14349852424134538,0.08015352424134538,0.2068435242413454,0.0,0.0,0.08120503463049343,0.0,0.0,8.120503463049342,Unknown,2023-10-03,2024-07-30,21.0,16.0,26.0,1.5,67.1,1023.1,4.7,74.4,21.0,2859.85
2024-07-29,300,0.1344552889021746,0.07111028890217459,0.1978002889021746,0.0,0.0,0.06828612700310659,0.0,0.0,6.828612700310659,Unknown,2023-10-03,2024-07-30,19.3,15.5,23.0,0.5,81.2,1006.0,4.1,65.2,19.25,2879.1
2024-07-30,301,0.12904981929566534,0.06570481929566534,0.19239481929566532,0.0,0.0,0.060564027565236184,0.0,0.0,6.056402756523618,Unknown,2023-10-03,2024-07-30,28.0,22.8,33.1,1.0,74.9,1010.4,3.9,54.8,27.950000000000003,2907.0499999999997
